RESULT,totalValidTime,51.206973
RESULT,timeP0,2.258112
RESULT,timeP1,43.186156
RESULT,timeS0,0.027290
RESULT,timeS1,0.055865
RESULT,timeOther,5.679550
RESULT,cntP0,81
RESULT,cntP1,1546
RESULT,cntS0,1
RESULT,cntS1,2
RESULT,rateTimeP0,0.044098
RESULT,rateTimeP1,0.843365
RESULT,rateTimeS0,0.000533
RESULT,rateTimeS1,0.001091
RESULT,rateTimeOther,0.110914
RESULT,rateCntP0,0.044070
RESULT,rateCntP1,0.841132
pId,lastRiseSecBeforePassP
0,1.531404
1,1.503512
2,1.475753
3,NaN
4,NaN
5,NaN
6,1.364246
7,1.336375
8,1.308619
9,1.280701
10,1.252051
11,1.225105
12,1.197120
13,1.169355
14,1.141539
15,1.113771
16,1.085093
17,1.058426
18,1.030270
19,1.002354
20,0.974554
21,0.946621
22,0.918287
23,0.890981
24,0.863160
25,0.835373
26,0.807431
27,0.779513
28,0.751545
29,0.723898
30,0.696096
31,0.668155
32,0.640340
33,0.612552
34,0.584439
35,0.556699
36,0.529032
37,0.500958
38,0.473213
39,0.445449
40,0.416751
41,NaN
42,NaN
43,NaN
44,NaN
45,0.278367
46,0.250452
47,0.222627
48,0.194744
49,0.166672
50,0.138862
51,0.111273
52,0.083304
53,0.055559
54,0.027515
55,0.000000
56,1.454162
57,1.426295
58,1.398423
59,1.370585
60,1.342633
61,1.315074
62,1.287157
63,1.259222
64,1.231500
65,1.203414
66,1.175779
67,1.147742
68,1.120041
69,1.092324
70,1.064490
71,1.036328
72,NaN
73,NaN
74,0.953096
75,0.925321
76,0.897423
77,0.868901
78,0.841708
79,0.813877
80,0.786024
81,0.758213
82,0.730250
83,0.702252
84,0.674677
85,0.646808
86,0.618926
87,0.591079
88,0.563261
89,0.534595
90,0.507592
91,0.479869
92,0.451973
93,0.424217
94,0.396361
95,0.367712
96,0.340576
97,0.312936
98,0.284872
99,0.257203
100,0.229315
101,0.200792
102,0.173658
103,0.145731
104,0.117988
105,0.090140
106,0.062152
107,0.033838
108,0.006649
109,1.423120
110,1.395316
111,1.367546
112,1.339566
113,1.311094
114,1.283931
115,1.256080
116,1.228295
117,1.200445
118,1.172362
119,1.144018
120,1.116907
121,1.089047
122,1.061054
123,1.033119
124,1.005505
125,0.977519
126,0.949786
127,0.922026
128,0.893918
129,0.865887
130,0.838337
131,0.810458
132,0.782468
133,0.754648
134,0.726962
135,0.698989
136,0.671112
137,0.643310
138,0.615081
139,0.587592
140,0.559677
141,0.531823
142,0.503920
143,0.476269
144,0.448489
145,0.420589
146,0.392435
147,0.364941
148,0.337046
149,0.309232
150,0.281343
151,0.253339
152,0.225526
153,0.197880
154,0.169963
155,0.141838
156,0.113901
157,0.086431
158,0.058562
159,0.030556
160,0.002941
161,1.419385
162,1.391491
163,1.363839
164,1.335857
165,1.308058
166,1.280208
167,1.252389
168,1.223741
169,NaN
170,NaN
171,NaN
172,NaN
173,NaN
174,NaN
175,1.029401
176,1.001676
177,0.973756
178,0.946193
179,0.918275
180,0.889661
181,0.862489
182,0.834794
183,0.806950
184,0.779014
185,0.751080
186,0.722772
187,0.695550
188,0.667816
189,0.640043
190,0.612104
191,0.584209
192,0.555648
193,0.528551
194,0.500781
195,0.473099
196,0.445095
197,0.417162
198,0.388947
199,0.361519
200,0.331525
201,0.305854
202,0.277954
203,0.250160
204,0.222254
205,NaN
206,NaN
207,NaN
208,0.110666
209,0.083161
210,0.055191
211,0.027470
212,NaN
213,NaN
214,NaN
215,1.360076
216,1.332785
217,1.304867
218,1.276825
219,1.249241
220,1.221353
221,1.193358
222,1.165734
223,1.137808
224,1.109987
225,1.082069
226,1.054283
227,1.026449
228,0.998670
229,0.970853
230,0.942965
231,0.915047
232,0.887338
233,0.859536
234,0.831774
235,0.803469
236,0.775992
237,0.748081
238,0.720320
239,0.692572
240,0.664651
241,0.636682
242,0.608871
243,0.580985
244,0.553197
245,0.525407
246,0.497517
247,0.469013
248,0.441774
249,0.413966
250,0.385839
251,0.358210
252,0.330530
253,0.301757
254,NaN
255,NaN
256,NaN
257,NaN
258,0.163322
259,0.134755
260,0.107791
261,0.079879
262,0.051961
263,0.024162
264,NaN
265,NaN
266,NaN
267,NaN
268,NaN
269,NaN
270,NaN
271,NaN
272,NaN
273,NaN
274,NaN
275,NaN
276,NaN
277,NaN
278,1.051033
279,1.023226
280,0.995238
281,0.967388
282,0.939630
283,0.911532
284,0.883724
285,0.856114
286,0.828190
287,0.800017
288,0.772571
289,0.744659
290,0.716892
291,0.689122
292,0.661225
293,0.633212
294,0.605408
295,0.577499
296,0.549666
297,0.521856
298,0.494077
299,0.465976
300,0.438138
301,0.410491
302,0.382671
303,0.354777
304,0.326701
305,NaN
306,NaN
307,NaN
308,NaN
309,NaN
310,NaN
311,NaN
312,NaN
313,NaN
314,NaN
315,NaN
316,NaN
317,NaN
318,NaN
319,NaN
320,NaN
321,NaN
322,1.280843
323,1.252902
324,1.225342
325,1.197570
326,1.169133
327,1.141515
328,1.114036
329,1.086036
330,1.030631
331,1.001981
332,0.974643
333,0.946968
334,0.919092
335,0.891356
336,0.863491
337,0.835031
338,0.807792
339,0.779734
340,0.752190
341,0.724151
342,0.696295
343,0.668095
344,0.640599
345,0.612873
346,0.584993
347,0.557256
348,0.529323
349,0.500577
350,0.473719
351,0.445751
352,0.417926
353,0.390111
354,0.362169
355,0.333660
356,0.306536
357,0.278581
358,0.250773
359,0.222833
360,0.195073
361,0.166775
362,0.139247
363,0.111459
364,0.083435
365,0.055426
366,0.027867
367,0.000000
368,NaN
369,1.431371
370,1.403428
371,1.375645
372,1.347834
373,1.320003
374,1.292195
375,1.264335
376,1.236536
377,1.208601
378,1.180554
379,1.152975
380,1.125086
381,1.097245
382,1.069227
383,1.041611
384,1.013634
385,0.985792
386,0.958033
387,0.929851
388,0.902045
389,0.874390
390,0.846519
391,0.816475
392,0.790739
393,0.762680
394,0.734970
395,0.706990
396,0.679270
397,0.651496
398,0.623510
399,0.595715
400,0.567815
401,0.539995
402,0.512155
403,0.484255
404,0.455878
405,0.428531
406,0.400753
407,0.373094
408,NaN
409,NaN
410,NaN
411,0.261726
412,0.234141
413,0.206198
414,0.178636
415,0.150820
416,0.122441
417,NaN
418,NaN
419,0.039471
420,NaN
421,1.444593
422,1.416275
423,NaN
424,NaN
425,NaN
426,1.305402
427,1.277139
428,1.248868
429,1.221860
430,1.193977
431,1.166131
432,1.138327
433,1.110327
434,1.082028
435,1.054803
436,1.026745
437,0.998941
438,0.971015
439,0.943185
440,0.914567
441,0.887681
442,0.859657
443,0.831827
444,0.803797
445,0.776157
446,0.747921
447,NaN
448,NaN
449,0.664662
450,0.636853
451,0.608744
452,0.580839
453,0.553334
454,0.525408
455,0.497617
456,0.469591
457,0.441486
458,0.413971
459,0.386130
460,NaN
461,NaN
462,NaN
463,0.274754
464,0.246753
465,0.218888
466,0.191124
467,0.163110
468,0.135510
469,0.107537
470,0.079647
471,0.051708
472,0.023885
473,NaN
474,1.425791
475,1.397878
476,1.370121
477,1.342202
478,1.314503
479,1.286502
480,1.258798
481,1.230879
482,1.203111
483,1.175175
484,1.147140
485,1.119514
486,1.091718
487,1.063932
488,1.036134
489,1.007894
490,0.980125
491,0.952589
492,0.924705
493,0.896822
494,0.868987
495,0.840604
496,0.813188
497,0.785421
498,0.757582
499,0.729608
500,NaN
501,NaN
502,NaN
503,0.618310
504,0.590511
505,0.562590
506,NaN
507,NaN
508,NaN
509,0.451264
510,0.422831
511,0.395592
512,0.367677
513,0.339429
514,0.312010
515,0.284283
516,0.256243
517,0.228325
518,0.200515
519,0.171967
520,0.144563
521,0.116956
522,0.088984
523,0.061043
524,0.033437
525,0.004932
526,1.575649
527,1.547776
528,1.519960
529,1.492044
530,1.464072
531,1.436226
532,1.408503
533,1.380667
534,1.352813
535,NaN
536,NaN
537,NaN
538,NaN
539,1.213447
540,1.185442
541,1.157797
542,1.129963
543,1.101980
544,1.074117
545,1.046201
546,1.018269
547,0.990728
548,0.962826
549,0.934527
550,0.906994
551,0.879283
552,0.851306
553,0.823430
554,0.795926
555,0.768001
556,0.740127
557,0.712382
558,NaN
559,NaN
560,NaN
561,NaN
562,NaN
563,0.545006
564,0.517515
565,0.489631
566,0.461833
567,0.434034
568,0.405794
569,0.378041
570,0.350681
571,0.322545
572,0.294672
573,0.266845
574,0.238673
575,0.211181
576,0.182938
577,0.155452
578,0.127564
579,0.099671
580,0.071247
581,0.044048
582,0.016435
583,1.444221
584,1.416612
585,1.388595
586,1.360008
587,1.333143
588,1.305191
589,1.277380
590,1.249581
591,1.221506
592,1.193318
593,1.165988
594,1.138080
595,1.110284
596,1.082333
597,1.054602
598,1.025745
599,0.998709
600,0.970921
601,0.943074
602,0.915076
603,0.887531
604,0.858967
605,0.831834
606,0.804059
607,0.776129
608,0.748327
609,0.720375
610,0.692138
611,0.664670
612,0.636879
613,NaN
614,NaN
615,NaN
616,NaN
617,NaN
618,0.469810
619,0.441798
620,0.414126
621,NaN
622,NaN
623,NaN
624,NaN
625,0.274624
626,0.247037
627,0.219089
628,0.190332
629,0.163570
630,0.135705
631,0.107840
632,0.079680
633,0.052172
634,0.024251
635,1.440811
636,1.413172
637,1.384943
638,1.357341
639,1.329661
640,1.301765
641,1.273956
642,1.246018
643,1.218274
644,1.190442
645,1.162581
646,1.134804
647,1.106865
648,1.078863
649,1.051158
650,1.023427
651,0.995434
652,0.967740
653,0.939467
654,0.912015
655,0.884036
656,0.856332
657,0.828500
658,0.800675
659,0.772211
660,0.744789
661,0.717139
662,0.689234
663,0.661333
664,0.633490
665,0.604727
666,0.577802
667,0.549949
668,0.522119
669,0.494320
670,0.466353
671,0.438003
672,NaN
673,NaN
674,NaN
675,0.327155
676,0.299435
677,0.270766
678,0.243675
679,0.215847
680,0.187532
681,0.160098
682,0.132417
683,0.103759
684,0.076583
685,0.048826
686,0.021050
687,1.437552
688,1.409498
689,1.381396
690,1.353966
691,1.326170
692,1.298522
693,1.270559
694,1.242479
695,1.214459
696,1.187053
697,1.159076
698,1.131255
699,1.103515
700,1.075626
701,1.047088
702,1.019893
703,0.992067
704,0.964057
705,0.936445
706,0.908621
707,0.880203
708,0.852916
709,0.825111
710,0.797185
711,NaN
712,NaN
713,NaN
714,0.685590
715,0.657980
716,0.630152
717,0.602272
718,0.574305
719,0.546583
720,0.518688
721,0.490667
722,0.462964
723,0.435081
724,0.407421
725,0.379648
726,0.351602
727,0.323574
728,0.296091
729,0.268209
730,0.240163
731,0.212533
732,0.184650
733,0.156769
734,0.129126
735,0.101190
736,0.073363
737,0.045451
738,0.017333
739,1.449583
740,1.421686
741,1.393868
742,1.366091
743,1.338213
744,1.309584
745,1.282561
746,1.254620
747,1.226757
748,1.198963
749,1.170978
750,1.142488
751,1.115452
752,1.087509
753,NaN
754,NaN
755,NaN
756,NaN
757,0.948048
758,0.920442
759,0.892163
760,0.864658
761,0.836809
762,0.808149
763,0.781162
764,0.753332
765,0.725544
766,0.697680
767,0.669765
768,0.641310
769,0.613982
770,0.586157
771,0.558418
772,0.530425
773,0.502653
774,0.474312
775,0.447055
776,0.419145
777,0.391304
778,0.363477
779,0.335589
780,0.307295
781,0.279897
782,0.252003
783,0.224073
784,0.196429
785,0.168516
786,0.140140
787,0.112886
788,0.085011
789,0.057125
790,0.029278
791,0.001544
792,1.417903
793,1.389996
794,1.362319
795,1.334260
796,1.306522
797,1.278817
798,1.250932
799,1.223134
800,1.195172
801,1.167450
802,1.139596
803,1.111747
804,1.083910
805,1.055900
806,1.027862
807,1.000284
808,0.972349
809,0.944346
810,0.916861
811,0.889004
812,0.861173
813,0.833116
814,0.805551
815,0.777771
816,0.749857
817,0.722043
818,0.694075
819,0.666409
820,0.638587
821,0.610632
822,0.582837
823,0.554516
824,0.527035
825,0.499225
826,0.471266
827,0.443606
828,0.415750
829,0.387459
830,0.360103
831,0.332128
832,0.304250
833,0.276379
834,0.248530
835,0.219878
836,0.192863
837,0.165095
838,0.136888
839,0.109358
840,0.081553
841,0.052953
842,0.025898
843,0.000000
844,1.414509
845,1.386784
846,1.358539
847,1.330386
848,1.303243
849,1.275396
850,1.247655
851,1.219633
852,1.191988
853,1.163436
854,1.136126
855,1.108434
856,1.080550
857,1.052703
858,1.024842
859,0.996529
860,0.969237
861,0.941203
862,0.913348
863,0.885683
864,0.857727
865,0.829157
866,0.802152
867,0.774264
868,0.746383
869,0.718323
870,0.690693
871,0.662707
872,0.634963
873,0.607209
874,NaN
875,NaN
876,0.523663
877,0.495629
878,0.467748
879,0.440051
880,0.412203
881,0.384434
882,0.356456
883,0.328700
884,0.300847
885,0.272770
886,0.245174
887,0.217339
888,0.189406
889,0.161552
890,0.133620
891,0.105809
892,0.077848
893,0.050208
894,0.022385
895,1.439042
896,1.411162
897,1.383244
898,1.355386
899,1.327619
900,1.299764
901,1.271886
902,1.243824
903,1.216171
904,1.188280
905,1.160516
906,1.132676
907,1.104817
908,1.076582
909,1.049091
910,1.021322
911,0.993429
912,0.965600
913,0.937795
914,0.909372
915,0.882026
916,0.854208
917,0.826371
918,0.798440
919,0.770619
920,0.742300
921,0.714965
922,0.687121
923,0.659192
924,0.631243
925,0.603290
926,0.575112
927,0.547865
928,0.520004
929,NaN
930,NaN
931,0.436484
932,0.408023
933,0.381043
934,0.353204
935,0.325371
936,0.297770
937,0.269728
938,0.240937
939,0.214186
940,0.186341
941,0.158170
942,0.130766
943,0.102764
944,0.074479
945,0.047343
946,0.019583
947,NaN
948,1.408203
949,1.380618
950,1.352460
951,1.324782
952,1.297055
953,1.269088
954,1.241309
955,1.213641
956,1.185744
957,1.157881
958,1.129995
959,1.102216
960,1.074298
961,1.046562
962,1.018654
963,0.990758
964,0.962691
965,0.935148
966,0.907215
967,0.879078
968,0.851524
969,0.823726
970,NaN
971,NaN
972,0.740198
973,0.712247
974,0.684224
975,0.656650
976,0.628579
977,0.600878
978,0.573059
979,0.545162
980,0.517282
981,0.489166
982,0.461625
983,0.433798
984,0.406075
985,0.378266
986,0.350283
987,0.322178
988,0.294690
989,0.266775
990,0.238881
991,0.211060
992,0.183308
993,0.155007
994,0.127274
995,0.099726
996,0.071840
997,0.043821
998,0.016169
999,1.479122
1000,1.452063
1001,1.424209
1002,1.396249
1003,1.368420
1004,1.340440
1005,1.312127
1006,1.284789
1007,1.256929
1008,1.229140
1009,1.201166
1010,1.173112
1011,1.144787
1012,1.117481
1013,1.089604
1014,1.061690
1015,1.033874
1016,1.005924
1017,0.977310
1018,0.950144
1019,0.922315
1020,0.894285
1021,0.866633
1022,0.838688
1023,0.810295
1024,0.783052
1025,0.755162
1026,0.727351
1027,NaN
1028,NaN
1029,NaN
1030,0.615848
1031,0.588149
1032,0.560191
1033,0.532295
1034,0.504561
1035,0.476529
1036,0.448749
1037,0.420913
1038,0.393129
1039,0.365252
1040,0.337494
1041,0.309568
1042,0.281611
1043,0.253641
1044,0.226084
1045,0.198005
1046,0.170354
1047,0.142441
1048,0.114617
1049,0.086759
1050,0.058419
1051,0.031073
1052,0.003227
1053,1.466823
1054,1.439046
1055,1.411145
1056,1.383406
1057,1.355609
1058,1.327652
1059,1.299764
1060,1.271815
1061,1.244118
1062,1.216116
1063,1.188371
1064,1.160669
1065,1.132657
1066,1.104769
1067,1.077140
1068,1.049251
1069,1.021422
1070,0.993526
1071,NaN
1072,NaN
1073,NaN
1074,NaN
1075,0.854314
1076,0.826370
1077,0.798620
1078,0.769951
1079,0.742927
1080,NaN
1081,NaN
1082,NaN
1083,0.631498
1084,0.603189
1085,0.575960
1086,0.548286
1087,NaN
1088,NaN
1089,NaN
1090,NaN
1091,0.408815
1092,0.380928
1093,0.353043
1094,0.325258
1095,0.297347
1096,0.268992
1097,0.241724
1098,0.213846
1099,0.185795
1100,0.158122
1101,0.130207
1102,0.101657
1103,0.074720
1104,NaN
1105,NaN
1106,NaN
1107,1.407701
1108,1.379415
1109,1.351986
1110,1.324223
1111,1.296142
1112,1.268457
1113,1.240646
1114,1.212494
1115,1.184918
1116,1.156966
1117,NaN
1118,NaN
1119,NaN
1120,NaN
1121,1.017830
1122,0.989763
1123,0.962152
1124,0.934291
1125,0.906427
1126,0.878557
1127,0.850797
1128,0.822849
1129,0.794965
1130,0.767260
1131,0.739269
1132,0.711433
1133,0.683702
1134,0.655746
1135,0.627908
1136,0.600171
1137,0.572565
1138,0.544715
1139,0.516686
1140,0.489039
1141,0.461158
1142,0.433362
1143,NaN
1144,NaN
1145,NaN
1146,0.321921
1147,0.294086
1148,0.266242
1149,NaN
1150,NaN
1151,NaN
1152,0.154735
1153,0.127016
1154,0.098977
1155,0.071226
1156,0.043473
1157,0.015176
1158,1.432175
1159,1.404384
1160,1.376515
1161,1.348607
1162,1.320405
1163,1.292377
1164,1.265096
1165,1.237201
1166,1.209451
1167,1.181535
1168,1.153634
1169,1.125338
1170,1.098059
1171,1.070084
1172,1.042256
1173,1.014447
1174,0.986207
1175,0.957076
1176,NaN
1177,NaN
1178,NaN
1179,0.847243
1180,0.819255
1181,0.790828
1182,0.763809
1183,0.735965
1184,0.708108
1185,0.680057
1186,NaN
1187,NaN
1188,NaN
1189,NaN
1190,0.541044
1191,0.513091
1192,0.485296
1193,0.457028
1194,0.429570
1195,0.401639
1196,0.373995
1197,0.346088
1198,0.318252
1199,0.290243
1200,0.262479
1201,0.234512
1202,0.206909
1203,0.178913
1204,0.151123
1205,0.123233
1206,0.095469
1207,0.067606
1208,0.039673
1209,0.011947
1210,1.440115
1211,1.411957
1212,1.384465
1213,1.356566
1214,1.328716
1215,1.300966
1216,1.273110
1217,1.245130
1218,1.216962
1219,1.189644
1220,1.161750
1221,1.133896
1222,1.106053
1223,1.078047
1224,1.050029
1225,1.022508
1226,0.994593
1227,0.966786
1228,0.939139
1229,0.911329
1230,0.883405
1231,0.855546
1232,0.827801
1233,0.799761
1234,0.771863
1235,0.744265
1236,0.716175
1237,0.688506
1238,0.660733
1239,0.632795
1240,0.605007
1241,0.577092
1242,0.549155
1243,0.521428
1244,0.493627
1245,0.465794
1246,0.437829
1247,0.409697
1248,0.381735
1249,0.354357
1250,0.326503
1251,0.298299
1252,0.270795
1253,0.242948
1254,0.214761
1255,0.187303
1256,0.159391
1257,0.131182
1258,0.103740
1259,0.075813
1260,0.047321
1261,0.020195
1262,1.436728
1263,1.408879
1264,1.380935
1265,1.353168
1266,1.324654
1267,1.297583
1268,1.269806
1269,1.241834
1270,1.213927
1271,1.186299
1272,1.157809
1273,1.130533
1274,1.102684
1275,1.074870
1276,1.046975
1277,1.019108
1278,0.990904
1279,0.963479
1280,0.935490
1281,0.907727
1282,0.879880
1283,0.852050
1284,0.824037
1285,0.796361
1286,0.768564
1287,0.740434
1288,0.712902
1289,0.685031
1290,0.656787
1291,0.629227
1292,0.601349
1293,0.573380
1294,0.545773
1295,0.517950
1296,0.490026
1297,0.461960
1298,0.434352
1299,0.406072
1300,0.378589
1301,0.350807
1302,0.322825
1303,0.294886
1304,0.267142
1305,0.239243
1306,0.211529
1307,0.183656
1308,0.155920
1309,0.127919
1310,0.100075
1311,0.072307
1312,0.043975
1313,0.016434
1314,1.433267
1315,1.405302
1316,1.377537
1317,1.349694
1318,1.321823
1319,1.294069
1320,1.266129
1321,1.237791
1322,1.210396
1323,1.182703
1324,1.154830
1325,1.127007
1326,1.098687
1327,1.070908
1328,1.043512
1329,1.015487
1330,0.987700
1331,0.959885
1332,0.932019
1333,0.903855
1334,0.876430
1335,0.848448
1336,0.820387
1337,0.792858
1338,0.764990
1339,0.736441
1340,0.709331
1341,0.681460
1342,0.653533
1343,0.625556
1344,0.597776
1345,0.569164
1346,0.542198
1347,0.514498
1348,0.486532
1349,0.458667
1350,0.430886
1351,0.402281
1352,0.375100
1353,0.347240
1354,0.319515
1355,0.291616
1356,0.263737
1357,0.235511
1358,0.208110
1359,0.180086
1360,0.152292
1361,0.124505
1362,0.096778
1363,0.068615
1364,0.041115
1365,0.013154
1366,1.429737
1367,1.402020
1368,1.374124
1369,1.345998
1370,1.318329
1371,1.290541
1372,1.262690
1373,1.234857
1374,1.207079
1375,1.179136
1376,1.151180
1377,1.123520
1378,1.095584
1379,NaN
1380,NaN
1381,NaN
1382,NaN
1383,0.956372
1384,0.928439
1385,0.900678
1386,0.872766
1387,0.844976
1388,0.817120
1389,0.789099
1390,0.761337
1391,0.733482
1392,0.705497
1393,0.677864
1394,0.649967
1395,0.622138
1396,0.594399
1397,0.566440
1398,0.538601
1399,0.510730
1400,0.483098
1401,NaN
1402,NaN
1403,NaN
1404,0.371486
1405,0.343394
1406,0.315799
1407,0.288056
1408,0.260272
1409,0.232336
1410,0.204626
1411,0.176762
1412,0.148522
1413,0.121103
1414,NaN
1415,NaN
1416,0.037350
1417,0.009616
1418,1.425556
1419,1.398440
1420,1.370507
1421,1.342699
1422,1.314875
1423,1.286974
1424,1.258369
1425,1.231229
1426,1.203541
1427,1.175184
1428,1.147766
1429,1.119986
1430,1.091395
1431,1.064519
1432,1.036627
1433,1.008886
1434,0.980937
1435,0.953106
1436,0.924552
1437,0.897333
1438,0.869371
1439,0.841764
1440,0.813743
1441,0.785993
1442,0.757590
1443,0.730290
1444,0.702439
1445,0.674588
1446,0.646768
1447,NaN
1448,NaN
1449,NaN
1450,0.535139
1451,0.507430
1452,0.479595
1453,0.451682
1454,0.423935
1455,0.395907
1456,0.368246
1457,0.340383
1458,0.312455
1459,0.284746
1460,0.256846
1461,0.228688
1462,0.201114
1463,0.173220
1464,0.145473
1465,0.117551
1466,0.089727
1467,0.061869
1468,0.033786
1469,0.006163
1470,1.449185
1471,1.421242
1472,1.393506
1473,1.365480
1474,1.337811
1475,1.310016
1476,1.282076
1477,1.254210
1478,1.226340
1479,1.198474
1480,1.170554
1481,1.142608
1482,1.114997
1483,1.087202
1484,1.059130
1485,1.031331
1486,NaN
1487,NaN
1488,NaN
1489,NaN
1490,NaN
1491,NaN
1492,NaN
1493,NaN
1494,NaN
1495,NaN
1496,NaN
1497,NaN
1498,0.669673
1499,0.641728
1500,0.613819
1501,0.585891
1502,0.558251
1503,0.529647
1504,0.502516
1505,0.474699
1506,0.446771
1507,0.418655
1508,0.391101
1509,0.362566
1510,0.335360
1511,0.307560
1512,0.279804
1513,0.251704
1514,0.224022
1515,0.195464
1516,0.168600
1517,0.140574
1518,0.113042
1519,0.084947
1520,0.057053
1521,0.028475
1522,0.001517
1523,1.418095
1524,1.389979
1525,1.362417
1526,1.333704
1527,1.306459
1528,1.278836
1529,1.251044
1530,1.222997
1531,1.195324
1532,1.167525
1533,1.139108
1534,1.111471
1535,1.083863
1536,1.055872
1537,1.028067
1538,1.000331
1539,0.972246
1540,NaN
1541,NaN
1542,0.888890
1543,0.861094
1544,0.833255
1545,0.805388
1546,0.777522
1547,NaN
1548,NaN
1549,0.693942
1550,0.665993
1551,0.638235
1552,0.610425
1553,0.582544
1554,0.554757
1555,0.526936
1556,0.499087
1557,0.471070
1558,0.443410
1559,0.415530
1560,0.387813
1561,0.359956
1562,0.331970
1563,0.303925
1564,0.276433
1565,0.248626
1566,0.220784
1567,NaN
1568,NaN
1569,0.137228
1570,0.109257
1571,0.081532
1572,0.053640
1573,0.025660
1574,0.000000
1575,NaN
1576,NaN
1577,NaN
1578,NaN
1579,NaN
1580,NaN
1581,NaN
1582,NaN
1583,NaN
1584,NaN
1585,NaN
1586,NaN
1587,1.080438
1588,1.051978
1589,1.024735
1590,0.996814
1591,0.969009
1592,0.941104
1593,0.913123
1594,0.884887
1595,0.857546
1596,0.829453
1597,0.801927
1598,0.773959
1599,0.746099
1600,0.717573
1601,0.690530
1602,0.662644
1603,0.634679
1604,NaN
1605,NaN
1606,NaN
1607,0.523381
1608,0.495390
1609,0.467633
1610,0.439885
1611,0.411995
1612,0.383966
1613,0.356106
1614,0.328382
1615,NaN
1616,NaN
1617,0.244969
1618,0.216952
1619,0.189003
1620,0.161450
1621,0.133492
1622,0.105671
1623,0.077856
1624,0.050023
1625,0.022158
1626,1.444835
1627,1.417111
1628,1.389263
1629,1.361281
1630,1.333533
1631,1.305603
1632,1.277758
1633,1.249997
1634,1.222107
1635,1.194661
1636,1.166612
1637,1.139042
1638,1.111158
1639,1.083264
1640,1.055482
1641,1.027544
1642,0.999480
1643,0.971941
1644,0.943997
1645,0.916197
1646,0.888293
1647,0.860481
1648,NaN
1649,NaN
1650,NaN
1651,0.749075
1652,0.721173
1653,0.693542
1654,0.665533
1655,0.637510
1656,0.609955
1657,0.582064
1658,0.554219
1659,0.526230
1660,0.498602
1661,0.470491
1662,0.442770
1663,0.414983
1664,0.386947
1665,0.359174
1666,0.331489
1667,0.302945
1668,0.275791
1669,0.247886
1670,0.220022
1671,0.192196
1672,0.164190
1673,0.135965
1674,0.108597
1675,0.080581
1676,0.052928
1677,0.024991
1678,0.000000
1679,NaN
1680,1.422293
1681,NaN
1682,NaN
1683,NaN
1684,NaN
1685,NaN
1686,NaN
1687,NaN
1688,NaN
1689,NaN
1690,NaN
1691,NaN
1692,NaN
1693,NaN
1694,NaN
1695,NaN
1696,NaN
1697,NaN
1698,NaN
1699,NaN
1700,NaN
1701,NaN
1702,NaN
1703,NaN
1704,NaN
1705,NaN
1706,0.698380
1707,0.670461
1708,0.642552
1709,0.614772
1710,0.586982
1711,0.559036
1712,0.531236
1713,0.503428
1714,0.475503
1715,0.447570
1716,0.419865
1717,0.391913
1718,0.364089
1719,0.336285
1720,0.308501
1721,0.280451
1722,NaN
1723,NaN
1724,NaN
1725,0.169377
1726,0.141579
1727,0.113684
1728,0.085765
1729,0.058036
1730,0.030157
1731,0.002233
1732,1.460495
1733,1.432607
1734,1.404764
1735,1.376932
1736,1.349138
1737,1.321160
1738,1.293345
1739,1.265689
1740,1.237535
1741,1.209860
1742,1.182141
1743,1.154061
1744,1.126218
1745,NaN
1746,NaN
1747,NaN
1748,NaN
1749,0.987192
1750,0.959291
1751,0.931364
1752,0.903119
1753,0.875731
1754,0.847773
1755,0.820098
1756,0.792272
1757,0.764317
1758,0.735894
1759,0.708710
1760,0.680756
1761,0.652736
1762,0.625128
1763,0.597217
1764,0.568572
1765,0.541808
1766,0.513606
1767,NaN
1768,NaN
1769,NaN
1770,NaN
1771,NaN
1772,0.346781
1773,0.318895
1774,0.290938
1775,0.263199
1776,0.234796
1777,0.207282
1778,0.179701
1779,0.151763
1780,0.123980
1781,0.096159
1782,0.068001
1783,0.040241
1784,0.012545
1785,NaN
1786,NaN
1787,NaN
1788,NaN
1789,NaN
1790,NaN
1791,NaN
1792,NaN
1793,NaN
1794,NaN
1795,NaN
1796,NaN
1797,NaN
1798,NaN
1799,NaN
1800,NaN
1801,NaN
1802,NaN
1803,NaN
1804,NaN
1805,NaN
1806,NaN
1807,NaN
1808,NaN
1809,NaN
1810,NaN
1811,NaN
1812,NaN
1813,NaN
1814,NaN
1815,NaN
1816,NaN
1817,NaN
1818,NaN
1819,NaN
1820,NaN
1821,NaN
1822,NaN
1823,NaN
1824,NaN
1825,NaN
1826,NaN
1827,NaN
1828,NaN
1829,NaN
1830,NaN
1831,NaN
1832,NaN
1833,NaN
1834,NaN
1835,NaN
1836,NaN
1837,NaN
P1_EVENTS_FORMAT
pId
riseSecBeforePassP,duration,fallSecBeforePassP
0
1.531404,0.027755,0.000000
1
1.503512,0.027894,0.000000
2
1.475753,0.027755,0.000000
3
NaN
4
NaN
5
NaN
6
1.364246,0.027970,0.000000
7
1.336375,0.027862,0.000000
8
1.308619,0.027771,0.000000
9
1.280701,0.027908,0.000000
10
1.252051,0.028656,0.000000
11
1.225105,0.026947,0.000000
12
1.197120,0.027985,0.000000
13
1.169355,0.027756,0.000000
14
1.141539,0.027817,0.000000
15
1.113771,0.027771,0.000000
16
1.085093,0.028686,0.000000
17
1.057892,0.027191,0.000000
1.058426,0.027600,0.000000
18
1.030270,0.027619,0.000000
19
1.002354,0.027923,0.000000
20
0.974554,0.027802,0.000000
21
0.946621,0.027923,0.000000
22
0.918287,0.028336,0.000000
23
0.890981,0.027313,0.000000
24
0.863160,0.027817,0.000000
25
0.835373,0.027786,0.000000
26
0.807431,0.027939,0.000000
27
0.779513,0.027924,0.000000
28
0.751545,0.027969,0.000000
29
0.723898,0.027649,0.000000
30
0.696096,0.027801,0.000000
31
0.668155,0.027939,0.000000
32
0.640340,0.027817,0.000000
33
0.612552,0.027786,0.000000
34
0.584439,0.028107,0.000000
35
0.556699,0.027740,0.000000
36
0.529032,0.027680,0.000000
37
0.500958,0.028076,0.000000
38
0.473213,0.027740,0.000000
39
0.445449,0.027756,0.000000
40
0.416751,0.028702,0.000000
41
NaN
42
NaN
43
NaN
44
NaN
45
0.278367,0.027649,0.000000
46
0.250452,0.027924,0.000000
47
0.222627,0.027816,0.000000
48
0.194744,0.027878,0.000000
49
0.166672,0.028076,0.000000
50
0.138862,0.027817,0.000000
51
0.111273,0.027588,0.000000
52
0.083304,0.027969,0.000000
53
0.055559,0.027741,0.000000
54
0.027515,0.028045,0.000000
55
0.000000,0.027787,0.000000
56
1.454162,0.027832,0.000000
57
1.426295,0.027862,0.000000
58
1.398423,0.027878,0.000000
59
1.370585,0.027832,0.000000
60
1.342633,0.027954,0.000000
61
1.315074,0.027558,0.000000
62
1.287157,0.027923,0.000000
63
1.259222,0.027924,0.000000
64
1.231500,0.027725,0.000000
65
1.203414,0.028091,0.000000
66
1.175779,0.027634,0.000000
67
1.147742,0.028046,0.000000
68
1.120041,0.027694,0.000000
69
1.092324,0.027710,0.000000
70
1.064490,0.027848,0.000000
71
1.036328,0.028152,0.000000
72
NaN
73
NaN
74
0.953096,0.027725,0.000000
75
0.925321,0.027771,0.000000
76
0.897423,0.027893,0.000000
77
0.868901,0.028534,0.000000
78
0.841708,0.027191,0.000000
79
0.813877,0.027832,0.000000
80
0.786024,0.027847,0.000000
81
0.758213,0.027817,0.000000
82
0.730250,0.027954,0.000000
83
0.702252,0.028000,0.000000
84
0.674677,0.027573,0.000000
85
0.646808,0.027878,0.000000
86
0.618926,0.027877,0.000000
87
0.591079,0.027848,0.000000
88
0.563261,0.027816,0.000000
89
0.534595,0.028672,0.000000
90
0.507592,0.026992,0.000000
91
0.479869,0.027726,0.000000
92
0.451973,0.027893,0.000000
93
0.424217,0.027771,0.000000
94
0.396361,0.027847,0.000000
95
0.367712,0.028658,0.000000
96
0.340576,0.027130,0.000000
97
0.312936,0.027630,0.000000
98
0.284872,0.028080,0.000000
99
0.257203,0.027660,0.000000
100
0.229315,0.027900,0.000000
101
0.200792,0.028510,0.000000
102
0.173658,0.027130,0.000000
103
0.145731,0.027930,0.000000
104
0.117988,0.027750,0.000000
105
0.090140,0.027850,0.000000
106
0.062152,0.027990,0.000000
107
0.033838,0.028300,0.000000
108
0.006649,0.027190,0.000000
109
1.423120,0.027970,0.000000
110
1.395316,0.027820,0.000000
111
1.367546,0.027770,0.000000
112
1.339566,0.027970,0.000000
113
1.311094,0.028470,0.000000
114
1.283931,0.027160,0.000000
115
1.256080,0.027850,0.000000
116
1.228295,0.027790,0.000000
117
1.200445,0.027860,0.000000
118
1.172362,0.028070,0.000000
119
1.144018,0.028350,0.000000
120
1.116907,0.027100,0.000000
121
1.089047,0.027870,0.000000
122
1.061054,0.028000,0.000000
123
1.033119,0.027920,0.000000
124
1.005505,0.027620,0.000000
125
0.977519,0.027980,0.000000
126
0.949786,0.027740,0.000000
127
0.922026,0.027760,0.000000
128
0.893918,0.028110,0.000000
129
0.865887,0.028030,0.000000
130
0.838337,0.027540,0.000000
131
0.810458,0.027890,0.000000
132
0.782468,0.027990,0.000000
133
0.754648,0.027810,0.000000
134
0.726962,0.027700,0.000000
135
0.698989,0.027970,0.000000
136
0.671112,0.027880,0.000000
137
0.643310,0.027800,0.000000
138
0.615081,0.028230,0.000000
139
0.587592,0.027480,0.000000
140
0.559677,0.027920,0.000000
141
0.531823,0.027850,0.000000
142
0.503920,0.027910,0.000000
143
0.476269,0.027640,0.000000
144
0.448489,0.027790,0.000000
145
0.420589,0.027890,0.000000
146
0.392435,0.028160,0.000000
147
0.364941,0.027490,0.000000
148
0.337046,0.027900,0.000000
149
0.309232,0.027810,0.000000
150
0.281343,0.027900,0.000000
151
0.253339,0.028000,0.000000
152
0.225526,0.027810,0.000000
153
0.197880,0.027640,0.000000
154
0.169963,0.027920,0.000000
155
0.141838,0.028120,0.000000
156
0.113901,0.027940,0.000000
157
0.086431,0.027470,0.000000
158
0.058562,0.027870,0.000000
159
0.030556,0.028000,0.000000
160
0.002941,0.027620,0.000000
161
1.419385,0.028000,0.000000
162
1.391491,0.027900,0.000000
163
1.363839,0.027640,0.000000
164
1.335857,0.027990,0.000000
165
1.308058,0.027800,0.000000
166
1.280208,0.027850,0.000000
167
1.252389,0.027810,0.000000
168
1.223741,0.028660,0.000000
169
NaN
170
NaN
171
NaN
172
NaN
173
NaN
174
NaN
175
1.029401,0.027290,0.000000
176
1.001676,0.027720,0.000000
177
0.973756,0.027910,0.000000
178
0.946193,0.027570,0.000000
179
0.918275,0.027910,0.000000
180
0.889661,0.028630,0.000000
181
0.862489,0.027170,0.000000
182
0.834794,0.027700,0.000000
183
0.806950,0.027840,0.000000
184
0.779014,0.027960,0.000000
185
0.751080,0.027950,0.000000
186
0.722772,0.028320,0.000000
187
0.695550,0.027240,0.000000
188
0.667816,0.027740,0.000000
189
0.640043,0.027790,0.000000
190
0.612104,0.027940,0.000000
191
0.584209,0.027900,0.000000
192
0.555648,0.028570,0.000000
193
0.528551,0.027100,0.000000
194
0.500781,0.027770,0.000000
195
0.473099,0.027680,0.000000
196
0.445095,0.028000,0.000000
197
0.417162,0.027940,0.000000
198
0.388947,0.028230,0.000000
199
0.361519,0.027430,0.000000
200
0.331525,0.030000,0.000000
201
0.305854,0.025660,0.000000
202
0.277954,0.027910,0.000000
203
0.250160,0.027820,0.000000
204
0.222254,0.027910,0.000000
205
NaN
206
NaN
207
NaN
208
0.110666,0.028030,0.000000
209
0.083161,0.027510,0.000000
210
0.055191,0.027980,0.000000
211
0.027470,0.027740,0.000000
212
NaN
213
NaN
214
NaN
215
1.360076,0.028280,0.000000
216
1.332785,0.027290,0.000000
217
1.304867,0.027940,0.000000
218
1.276825,0.028050,0.000000
219
1.249241,0.027600,0.000000
220
1.221353,0.027890,0.000000
221
1.193358,0.028020,0.000000
222
1.165734,0.027630,0.000000
223
1.137808,0.027940,0.000000
224
1.109987,0.027830,0.000000
225
1.082069,0.027930,0.000000
226
1.054283,0.027800,0.000000
227
1.026449,0.027830,0.000000
228
0.998670,0.027790,0.000000
229
0.970853,0.027830,0.000000
230
0.942965,0.027890,0.000000
231
0.915047,0.027930,0.000000
232
0.887338,0.027710,0.000000
233
0.859536,0.027800,0.000000
234
0.831774,0.027770,0.000000
235
0.803469,0.028300,0.000000
236
0.775992,0.027490,0.000000
237
0.748081,0.027900,0.000000
238
0.720320,0.027760,0.000000
239
0.692572,0.027740,0.000000
240
0.664651,0.027920,0.000000
241
0.636682,0.027970,0.000000
242
0.608871,0.027820,0.000000
243
0.580985,0.027880,0.000000
244
0.553197,0.027780,0.000000
245
0.525407,0.027790,0.000000
246
0.497517,0.027890,0.000000
247
0.469013,0.028490,0.000000
248
0.441774,0.027240,0.000000
249
0.413966,0.027800,0.000000
250
0.385839,0.028120,0.000000
251
0.358210,0.027620,0.000000
252
0.330530,0.027660,0.000000
253
0.301757,0.028770,0.000000
254
NaN
255
NaN
256
NaN
257
NaN
258
0.163322,0.027830,0.000000
259
0.134755,0.028550,0.000000
260
0.107791,0.026960,0.000000
261
0.079879,0.027890,0.000000
262
0.051961,0.027910,0.000000
263
0.024162,0.027790,0.000000
264
NaN
265
NaN
266
NaN
267
NaN
268
NaN
269
NaN
270
NaN
271
NaN
272
NaN
273
NaN
274
NaN
275
NaN
276
NaN
277
NaN
278
1.051033,0.027000,0.000000
279
1.023226,0.027800,0.000000
280
0.995238,0.027980,0.000000
281
0.967388,0.027850,0.000000
282
0.939630,0.027750,0.000000
283
0.911532,0.028100,0.000000
284
0.883724,0.027810,0.000000
285
0.856114,0.027610,0.000000
286
0.828190,0.027920,0.000000
287
0.800017,0.028180,0.000000
288
0.772571,0.027450,0.000000
289
0.744659,0.027930,0.000000
290
0.716892,0.027770,0.000000
291
0.689122,0.027780,0.000000
292
0.661225,0.027900,0.000000
293
0.633212,0.028030,0.000000
294
0.605408,0.027810,0.000000
295
0.577499,0.027910,0.000000
296
0.549666,0.027850,0.000000
297
0.521856,0.027820,0.000000
298
0.494077,0.027770,0.000000
299
0.465976,0.028100,0.000000
300
0.438138,0.027850,0.000000
301
0.410491,0.027650,0.000000
302
0.382671,0.027820,0.000000
303
0.354777,0.027890,0.000000
304
0.326701,0.028080,0.000000
305
NaN
306
NaN
307
NaN
308
NaN
309
NaN
310
NaN
311
NaN
312
NaN
313
NaN
314
NaN
315
NaN
316
NaN
317
NaN
318
NaN
319
NaN
320
NaN
321
NaN
322
1.280843,0.027960,0.000000
323
1.252902,0.027950,0.000000
324
1.225342,0.027560,0.000000
325
1.197570,0.027780,0.000000
326
1.169133,0.028450,0.000000
327
1.141515,0.027630,0.000000
328
1.114036,0.027480,0.000000
329
1.086036,0.028000,0.000000
330
1.030631,0.027810,0.000000
331
1.001981,0.028640,0.000000
332
0.974643,0.027340,0.000000
333
0.946968,0.027660,0.000000
334
0.919092,0.027880,0.000000
335
0.891356,0.027740,0.000000
336
0.863491,0.027870,0.000000
337
0.835031,0.028440,0.000000
338
0.807792,0.027230,0.000000
339
0.779734,0.028070,0.000000
340
0.752190,0.027520,0.000000
341
0.724151,0.028030,0.000000
342
0.696295,0.027850,0.000000
343
0.668095,0.028200,0.000000
344
0.640599,0.027490,0.000000
345
0.612873,0.027710,0.000000
346
0.584993,0.027880,0.000000
347
0.557256,0.027740,0.000000
348
0.529323,0.027930,0.000000
349
0.500577,0.028740,0.000000
350
0.473719,0.026860,0.000000
351
0.445751,0.027970,0.000000
352
0.417926,0.027820,0.000000
353
0.390111,0.027810,0.000000
354
0.362169,0.027940,0.000000
355
0.333660,0.028520,0.000000
356
0.306536,0.027110,0.000000
357
0.278581,0.027960,0.000000
358
0.250773,0.027800,0.000000
359
0.222833,0.027940,0.000000
360
0.195073,0.027760,0.000000
361
0.166775,0.028280,0.000000
362
0.139247,0.027530,0.000000
363
0.111459,0.027790,0.000000
364
0.083435,0.028010,0.000000
365
0.055426,0.028000,0.000000
366
0.027867,0.027560,0.000000
367
0.000000,0.028340,0.000000
368
NaN
369
1.431371,0.027850,0.000000
370
1.403428,0.027940,0.000000
371
1.375645,0.027790,0.000000
372
1.347834,0.027810,0.000000
373
1.320003,0.027840,0.000000
374
1.292195,0.027810,0.000000
375
1.264335,0.027880,0.000000
376
1.236536,0.027820,0.000000
377
1.208601,0.027940,0.000000
378
1.180554,0.028040,0.000000
379
1.152975,0.027590,0.000000
380
1.125086,0.027890,0.000000
381
1.097245,0.027850,0.000000
382
1.069227,0.028020,0.000000
383
1.041611,0.027600,0.000000
384
1.013634,0.027970,0.000000
385
0.985792,0.027830,0.000000
386
0.958033,0.027760,0.000000
387
0.929851,0.028160,0.000000
388
0.902045,0.027790,0.000000
389
0.874390,0.027630,0.000000
390
0.846519,0.027850,0.000000
391
0.816475,0.030030,0.000000
392
0.790739,0.025730,0.000000
393
0.762680,0.028040,0.000000
394
0.734970,0.027680,0.000000
395
0.706990,0.027970,0.000000
396
0.679270,0.027700,0.000000
397
0.651496,0.027750,0.000000
398
0.623510,0.027970,0.000000
399
0.595715,0.027790,0.000000
400
0.567815,0.027890,0.000000
401
0.539995,0.027820,0.000000
402
0.512155,0.027830,0.000000
403
0.484255,0.027890,0.000000
404
0.455878,0.028370,0.000000
405
0.428531,0.027340,0.000000
406
0.400753,0.027790,0.000000
407
0.373094,0.027660,0.000000
408
NaN
409
NaN
410
NaN
411
0.261726,0.027620,0.000000
412
0.234141,0.027600,0.000000
413
0.206198,0.027940,0.000000
414
0.178636,0.027560,0.000000
415
0.150820,0.027810,0.000000
416
0.122441,0.028380,0.000000
417
NaN
418
NaN
419
0.039471,0.027770,0.000000
420
NaN
421
1.444593,0.027860,0.000000
422
1.416275,0.028340,0.000000
423
NaN
424
NaN
425
NaN
426
1.305402,0.027890,0.000000
427
1.277139,0.028280,0.000000
428
1.248868,0.028270,0.000000
429
1.221860,0.027020,0.000000
430
1.193977,0.027900,0.000000
431
1.166131,0.027840,0.000000
432
1.138327,0.027820,0.000000
433
1.110327,0.028000,0.000000
434
1.082028,0.028310,0.000000
435
1.054803,0.027220,0.000000
436
1.026745,0.028060,0.000000
437
0.998941,0.027800,0.000000
438
0.971015,0.027920,0.000000
439
0.943185,0.027820,0.000000
440
0.914567,0.028630,0.000000
441
0.887681,0.026880,0.000000
442
0.859657,0.028020,0.000000
443
0.831827,0.027830,0.000000
444
0.803797,0.028030,0.000000
445
0.776157,0.027630,0.000000
446
0.747921,0.028250,0.000000
447
NaN
448
NaN
449
0.664662,0.027910,0.000000
450
0.636853,0.027800,0.000000
451
0.608744,0.028110,0.000000
452
0.580839,0.027890,0.000000
453
0.553334,0.027510,0.000000
454
0.525408,0.027930,0.000000
455
0.497617,0.027780,0.000000
456
0.469591,0.028020,0.000000
457
0.441486,0.028100,0.000000
458
0.413971,0.027520,0.000000
459
0.386130,0.027840,0.000000
460
NaN
461
NaN
462
NaN
463
0.274754,0.027820,0.000000
464
0.246753,0.028000,0.000000
465
0.218888,0.027870,0.000000
466
0.191124,0.027760,0.000000
467
0.163110,0.028020,0.000000
468
0.135510,0.027580,0.000000
469
0.107537,0.027970,0.000000
470
0.079647,0.027900,0.000000
471
0.051708,0.027920,0.000000
472
0.023885,0.027830,0.000000
473
NaN
474
1.425791,0.027770,0.000000
475
1.397878,0.027910,0.000000
476
1.370121,0.027750,0.000000
477
1.342202,0.027910,0.000000
478
1.314503,0.027680,0.000000
479
1.286502,0.028000,0.000000
480
1.258798,0.027710,0.000000
481
1.230879,0.027910,0.000000
482
1.203111,0.027770,0.000000
483
1.175175,0.027940,0.000000
484
1.147140,0.028040,0.000000
485
1.119514,0.027620,0.000000
486
1.091718,0.027800,0.000000
487
1.063932,0.027810,0.000000
488
1.036134,0.027800,0.000000
489
1.007894,0.028240,0.000000
490
0.980125,0.027760,0.000000
491
0.952589,0.027540,0.000000
492
0.924705,0.027880,0.000000
493
0.896822,0.027870,0.000000
494
0.868987,0.027840,0.000000
495
0.840604,0.028380,0.000000
496
0.813188,0.027420,0.000000
497
0.785421,0.027750,0.000000
498
0.757582,0.027840,0.000000
499
0.729608,0.027970,0.000000
500
NaN
501
NaN
502
NaN
503
0.618310,0.027890,0.000000
504
0.590511,0.027800,0.000000
505
0.562590,0.027930,0.000000
506
NaN
507
NaN
508
NaN
509
0.451264,0.027810,0.000000
510
0.422831,0.028440,0.000000
511
0.395592,0.027240,0.000000
512
0.367677,0.027900,0.000000
513
0.339429,0.028260,0.000000
514
0.312010,0.027410,0.000000
515
0.284283,0.027720,0.000000
516
0.256243,0.028050,0.000000
517
0.228325,0.027910,0.000000
518
0.200515,0.027810,0.000000
519
0.171967,0.028540,0.000000
520
0.144563,0.027400,0.000000
521
0.116956,0.027610,0.000000
522
0.088984,0.027950,0.000000
523
0.061043,0.027920,0.000000
524
0.033437,0.027610,0.000000
525
0.004932,0.028480,0.000000
526
1.575649,0.027240,0.000000
527
1.547776,0.027860,0.000000
528
1.519960,0.027810,0.000000
529
1.492044,0.027900,0.000000
530
1.464072,0.027960,0.000000
531
1.436226,0.027850,0.000000
532
1.408503,0.027710,0.000000
533
1.380667,0.027830,0.000000
534
1.352813,0.027840,0.000000
535
NaN
536
NaN
537
NaN
538
NaN
539
1.213447,0.027850,0.000000
540
1.185442,0.028010,0.000000
541
1.157797,0.027640,0.000000
542
1.129963,0.027840,0.000000
543
1.101980,0.027990,0.000000
544
1.074117,0.027860,0.000000
545
1.046201,0.027910,0.000000
546
1.018269,0.027940,0.000000
547
0.990728,0.027540,0.000000
548
0.962826,0.027890,0.000000
549
0.934527,0.028310,0.000000
550
0.906994,0.027540,0.000000
551
0.879283,0.027710,0.000000
552
0.851306,0.027970,0.000000
553
0.823430,0.027880,0.000000
554
0.795926,0.027510,0.000000
555
0.768001,0.027920,0.000000
556
0.740127,0.027880,0.000000
557
0.712382,0.027740,0.000000
558
NaN
559
NaN
560
NaN
561
NaN
562
NaN
563
0.545006,0.028100,0.000000
564
0.517515,0.027500,0.000000
565
0.489631,0.027880,0.000000
566
0.461833,0.027800,0.000000
567
0.434034,0.027800,0.000000
568
0.405794,0.028230,0.000000
569
0.378041,0.027760,0.000000
570
0.350681,0.027360,0.000000
571
0.322545,0.028130,0.000000
572
0.294672,0.027880,0.000000
573
0.266845,0.027820,0.000000
574
0.238673,0.028180,0.000000
575
0.211181,0.027480,0.000000
576
0.182938,0.028250,0.000000
577
0.155452,0.027480,0.000000
578
0.127564,0.027890,0.000000
579
0.099671,0.027890,0.000000
580
0.071247,0.028430,0.000000
581
0.044048,0.027210,0.000000
582
0.016435,0.027600,0.000000
583
1.444221,0.028300,0.000000
584
1.416612,0.027620,0.000000
585
1.388595,0.028020,0.000000
586
1.360008,0.028580,0.000000
587
1.333143,0.026870,0.000000
588
1.305191,0.027950,0.000000
589
1.277380,0.027800,0.000000
590
1.249581,0.027810,0.000000
591
1.221506,0.028070,0.000000
592
1.193318,0.028200,0.000000
593
1.165988,0.027330,0.000000
594
1.138080,0.027910,0.000000
595
1.110284,0.027800,0.000000
596
1.082333,0.027940,0.000000
597
1.054602,0.027740,0.000000
598
1.025745,0.028850,0.000000
599
0.998709,0.027040,0.000000
600
0.970921,0.027790,0.000000
601
0.943074,0.027840,0.000000
602
0.915076,0.028000,0.000000
603
0.887531,0.027550,0.000000
604
0.858967,0.028560,0.000000
605
0.831834,0.027130,0.000000
606
0.804059,0.027770,0.000000
607
0.776129,0.027940,0.000000
608
0.748327,0.027800,0.000000
609
0.720375,0.027960,0.000000
610
0.692138,0.028220,0.000000
611
0.664670,0.027470,0.000000
612
0.636879,0.027800,0.000000
613
NaN
614
NaN
615
NaN
616
NaN
617
NaN
618
0.469810,0.027790,0.000000
619
0.441798,0.028020,0.000000
620
0.414126,0.027660,0.000000
621
NaN
622
NaN
623
NaN
624
NaN
625
0.274624,0.028080,0.000000
626
0.247037,0.027590,0.000000
627
0.219089,0.027940,0.000000
628
0.190332,0.028760,0.000000
629
0.163570,0.026760,0.000000
630
0.135705,0.027870,0.000000
631
0.107840,0.027860,0.000000
632
0.079680,0.028150,0.000000
633
0.052172,0.027510,0.000000
634
0.024251,0.027930,0.000000
635
1.440811,0.027880,0.000000
636
1.413172,0.027630,0.000000
637
1.384943,0.028230,0.000000
638
1.357341,0.027600,0.000000
639
1.329661,0.027680,0.000000
640
1.301765,0.027890,0.000000
641
1.273956,0.027820,0.000000
642
1.246018,0.027940,0.000000
643
1.218274,0.027740,0.000000
644
1.190442,0.027830,0.000000
645
1.162581,0.027860,0.000000
646
1.134804,0.027770,0.000000
647
1.106865,0.027940,0.000000
648
1.078863,0.028000,0.000000
649
1.051158,0.027710,0.000000
650
1.023427,0.027730,0.000000
651
0.995434,0.028000,0.000000
652
0.967740,0.027690,0.000000
653
0.939467,0.028280,0.000000
654
0.912015,0.027450,0.000000
655
0.884036,0.027980,0.000000
656
0.856332,0.027700,0.000000
657
0.828500,0.027830,0.000000
658
0.800675,0.027830,0.000000
659
0.772211,0.028460,0.000000
660
0.744789,0.027420,0.000000
661
0.717139,0.027650,0.000000
662
0.689234,0.027910,0.000000
663
0.661333,0.027910,0.000000
664
0.633490,0.027830,0.000000
665
0.604727,0.028760,0.000000
666
0.577802,0.026930,0.000000
667
0.549949,0.027850,0.000000
668
0.522119,0.027830,0.000000
669
0.494320,0.027800,0.000000
670
0.466353,0.027970,0.000000
671
0.438003,0.028350,0.000000
672
NaN
673
NaN
674
NaN
675
0.327155,0.027640,0.000000
676
0.299435,0.027710,0.000000
677
0.270766,0.028670,0.000000
678
0.243675,0.027100,0.000000
679
0.215847,0.027820,0.000000
680
0.187532,0.028320,0.000000
681
0.160098,0.027430,0.000000
682
0.132417,0.027680,0.000000
683
0.103759,0.028660,0.000000
684
0.076583,0.027170,0.000000
685
0.048826,0.027760,0.000000
686
0.021050,0.027770,0.000000
687
1.437552,0.027950,0.000000
688
1.409498,0.028050,0.000000
689
1.381396,0.028110,0.000000
690
1.353966,0.027430,0.000000
691
1.326170,0.027790,0.000000
692
1.298522,0.027650,0.000000
693
1.270559,0.027970,0.000000
694
1.242479,0.028070,0.000000
695
1.214459,0.028020,0.000000
696
1.187053,0.027400,0.000000
697
1.159076,0.027990,0.000000
698
1.131255,0.027810,0.000000
699
1.103515,0.027740,0.000000
700
1.075626,0.027900,0.000000
701
1.047088,0.028530,0.000000
702
1.019893,0.027210,0.000000
703
0.992067,0.027810,0.000000
704
0.964057,0.028020,0.000000
705
0.936445,0.027600,0.000000
706
0.908621,0.027830,0.000000
707
0.880203,0.028420,0.000000
708
0.852916,0.027290,0.000000
709
0.825111,0.027810,0.000000
710
0.797185,0.027920,0.000000
711
NaN
712
NaN
713
NaN
714
0.685590,0.028000,0.000000
715
0.657980,0.027600,0.000000
716
0.630152,0.027840,0.000000
717
0.602272,0.027870,0.000000
718
0.574305,0.027970,0.000000
719
0.546583,0.027730,0.000000
720
0.518688,0.027890,0.000000
721
0.490667,0.028020,0.000000
722
0.462964,0.027710,0.000000
723
0.435081,0.027880,0.000000
724
0.407421,0.027660,0.000000
725
0.379648,0.027770,0.000000
726
0.351602,0.028050,0.000000
727
0.323574,0.028030,0.000000
728
0.296091,0.027480,0.000000
729
0.268209,0.027880,0.000000
730
0.240163,0.028040,0.000000
731
0.212533,0.027630,0.000000
732
0.184650,0.027880,0.000000
733
0.156769,0.027880,0.000000
734
0.129126,0.027650,0.000000
735
0.101190,0.027940,0.000000
736
0.073363,0.027810,0.000000
737
0.045451,0.027930,0.000000
738
0.017333,0.028110,0.000000
739
1.449583,0.027490,0.000000
740
1.421686,0.027890,0.000000
741
1.393868,0.027840,0.000000
742
1.366091,0.027770,0.000000
743
1.338213,0.027880,0.000000
744
1.309584,0.028620,0.000000
745
1.282561,0.027020,0.000000
746
1.254620,0.027940,0.000000
747
1.226757,0.027870,0.000000
748
1.198963,0.027800,0.000000
749
1.170978,0.027980,0.000000
750
1.142488,0.028490,0.000000
751
1.115452,0.027040,0.000000
752
1.087509,0.027940,0.000000
753
NaN
754
NaN
755
NaN
756
NaN
757
0.948048,0.027280,0.000000
758
0.920442,0.027610,0.000000
759
0.892163,0.028270,0.000000
760
0.864658,0.027510,0.000000
761
0.836809,0.027850,0.000000
762
0.808149,0.028660,0.000000
763
0.781162,0.026990,0.000000
764
0.753332,0.027830,0.000000
765
0.725544,0.027790,0.000000
766
0.697680,0.027860,0.000000
767
0.669765,0.027910,0.000000
768
0.641310,0.028450,0.000000
769
0.613982,0.027330,0.000000
770
0.586157,0.027840,0.000000
771
0.558418,0.027740,0.000000
772
0.530425,0.027980,0.000000
773
0.502653,0.027770,0.000000
774
0.474312,0.028350,0.000000
775
0.447055,0.027250,0.000000
776
0.419145,0.027910,0.000000
777
0.391304,0.027850,0.000000
778
0.363477,0.027820,0.000000
779
0.335589,0.027890,0.000000
780
0.307295,0.028290,0.000000
781
0.279897,0.027400,0.000000
782
0.252003,0.027900,0.000000
783
0.224073,0.027920,0.000000
784
0.196429,0.027650,0.000000
785
0.168516,0.027910,0.000000
786
0.140140,0.028380,0.000000
787
0.112886,0.027250,0.000000
788
0.085011,0.027880,0.000000
789
0.057125,0.027880,0.000000
790
0.029278,0.027840,0.000000
791
0.001544,0.027750,0.000000
792
1.417903,0.028070,0.000000
793
1.389996,0.027910,0.000000
794
1.362319,0.027680,0.000000
795
1.334260,0.028060,0.000000
796
1.306522,0.027740,0.000000
797
1.278817,0.027700,0.000000
798
1.250932,0.027890,0.000000
799
1.223134,0.027800,0.000000
800
1.195172,0.027950,0.000000
801
1.167450,0.027730,0.000000
802
1.139596,0.027860,0.000000
803
1.111747,0.027850,0.000000
804
1.083910,0.027830,0.000000
805
1.055900,0.028020,0.000000
806
1.027862,0.028030,0.000000
807
1.000284,0.027580,0.000000
808
0.972349,0.027930,0.000000
809
0.944346,0.028010,0.000000
810
0.916861,0.027480,0.000000
811
0.889004,0.027850,0.000000
812
0.861173,0.027830,0.000000
813
0.833116,0.028060,0.000000
814
0.805551,0.027580,0.000000
815
0.777771,0.027770,0.000000
816
0.749857,0.027910,0.000000
817
0.722043,0.027810,0.000000
818
0.694075,0.027970,0.000000
819
0.666409,0.027670,0.000000
820
0.638587,0.027830,0.000000
821
0.610632,0.027950,0.000000
822
0.582837,0.027790,0.000000
823
0.554516,0.028320,0.000000
824
0.527035,0.027480,0.000000
825
0.499225,0.027820,0.000000
826
0.471266,0.027950,0.000000
827
0.443606,0.027670,0.000000
828
0.415750,0.027860,0.000000
829
0.387459,0.028290,0.000000
830
0.360103,0.027340,0.000000
831
0.332128,0.027990,0.000000
832
0.304250,0.027870,0.000000
833
0.276379,0.027870,0.000000
834
0.248530,0.027860,0.000000
835
0.219878,0.028640,0.000000
836
0.192863,0.027020,0.000000
837
0.165095,0.027770,0.000000
838
0.136888,0.028200,0.000000
839
0.109358,0.027530,0.000000
840
0.081553,0.027820,0.000000
841
0.052953,0.028590,0.000000
842
0.025898,0.027050,0.000000
843
0.000000,0.027900,0.000000
844
1.414509,0.027940,0.000000
845
1.386784,0.027720,0.000000
846
1.358539,0.028260,0.000000
847
1.330386,0.028150,0.000000
848
1.303243,0.027130,0.000000
849
1.275396,0.027850,0.000000
850
1.247655,0.027740,0.000000
851
1.219633,0.028030,0.000000
852
1.191988,0.027650,0.000000
853
1.163436,0.028550,0.000000
854
1.136126,0.027310,0.000000
855
1.108434,0.027700,0.000000
856
1.080550,0.027880,0.000000
857
1.052703,0.027840,0.000000
858
1.024842,0.027870,0.000000
859
0.996529,0.028300,0.000000
860
0.969237,0.027300,0.000000
861
0.941203,0.028030,0.000000
862
0.913348,0.027860,0.000000
863
0.885683,0.027670,0.000000
864
0.857727,0.027950,0.000000
865
0.829157,0.028560,0.000000
866
0.802152,0.027010,0.000000
867
0.774264,0.027900,0.000000
868
0.746383,0.027870,0.000000
869
0.718323,0.028060,0.000000
870
0.690693,0.027620,0.000000
871
0.662707,0.028000,0.000000
872
0.634963,0.027740,0.000000
873
0.607209,0.027760,0.000000
874
NaN
875
NaN
876
0.523663,0.027720,0.000000
877
0.495629,0.028030,0.000000
878
0.467748,0.027890,0.000000
879
0.440051,0.027700,0.000000
880
0.412203,0.027850,0.000000
881
0.384434,0.027770,0.000000
882
0.356456,0.027970,0.000000
883
0.328700,0.027750,0.000000
884
0.300847,0.027860,0.000000
885
0.272770,0.028080,0.000000
886
0.245174,0.027590,0.000000
887
0.217339,0.027830,0.000000
888
0.189406,0.027940,0.000000
889
0.161552,0.027850,0.000000
890
0.133620,0.027940,0.000000
891
0.105809,0.027800,0.000000
892
0.077848,0.027970,0.000000
893
0.050208,0.027630,0.000000
894
0.022385,0.027830,0.000000
895
1.439042,0.027770,0.000000
896
1.411162,0.027900,0.000000
897
1.383244,0.027900,0.000000
898
1.355386,0.027870,0.000000
899
1.327619,0.027770,0.000000
900
1.299764,0.027850,0.000000
901
1.271886,0.027870,0.000000
902
1.243824,0.028060,0.000000
903
1.216171,0.027650,0.000000
904
1.188280,0.027900,0.000000
905
1.160516,0.027770,0.000000
906
1.132676,0.027830,0.000000
907
1.104817,0.027860,0.000000
908
1.076582,0.028230,0.000000
909
1.049091,0.027500,0.000000
910
1.021322,0.027770,0.000000
911
0.993429,0.027890,0.000000
912
0.965600,0.027830,0.000000
913
0.937795,0.027800,0.000000
914
0.909372,0.028430,0.000000
915
0.882026,0.027350,0.000000
916
0.854208,0.027810,0.000000
917
0.826371,0.027830,0.000000
918
0.798440,0.027940,0.000000
919
0.770619,0.027820,0.000000
920
0.742300,0.028320,0.000000
921
0.714965,0.027330,0.000000
922
0.687121,0.027850,0.000000
923
0.659192,0.027930,0.000000
924
0.631243,0.027940,0.000000
925
0.603290,0.027960,0.000000
926
0.575112,0.028180,0.000000
927
0.547865,0.027250,0.000000
928
0.520004,0.027870,0.000000
929
NaN
930
NaN
931
0.436484,0.027730,0.000000
932
0.408023,0.028470,0.000000
933
0.381043,0.027010,0.000000
934
0.353204,0.027860,0.000000
935
0.325371,0.027860,0.000000
936
0.297770,0.027640,0.000000
937
0.269728,0.028070,0.000000
938
0.240937,0.028830,0.000000
939
0.214186,0.026790,0.000000
940
0.186341,0.027880,0.000000
941
0.158170,0.028210,0.000000
942
0.130766,0.027450,0.000000
943
0.102764,0.028030,0.000000
944
0.074479,0.028340,0.000000
945
0.047343,0.027180,0.000000
946
0.019583,0.027780,0.000000
947
NaN
948
1.408203,0.027900,0.000000
949
1.380618,0.027620,0.000000
950
1.352460,0.028190,0.000000
951
1.324782,0.027710,0.000000
952
1.297055,0.027740,0.000000
953
1.269088,0.027980,0.000000
954
1.241309,0.027790,0.000000
955
1.213641,0.027690,0.000000
956
1.185744,0.027910,0.000000
957
1.157881,0.027860,0.000000
958
1.129995,0.027900,0.000000
959
1.102216,0.027780,0.000000
960
1.074298,0.027930,0.000000
961
1.046562,0.027740,0.000000
962
1.018654,0.027900,0.000000
963
0.990758,0.027910,0.000000
964
0.962691,0.028060,0.000000
965
0.935148,0.027560,0.000000
966
0.907215,0.027920,0.000000
967
0.879078,0.028140,0.000000
968
0.851524,0.027560,0.000000
969
0.823726,0.027800,0.000000
970
NaN
971
NaN
972
0.740198,0.027730,0.000000
973
0.712247,0.027940,0.000000
974
0.684224,0.028030,0.000000
975
0.656650,0.027550,0.000000
976
0.628579,0.028080,0.000000
977
0.600878,0.027690,0.000000
978
0.573059,0.027820,0.000000
979
0.545162,0.027890,0.000000
980
0.517282,0.027880,0.000000
981
0.489166,0.028110,0.000000
982
0.461625,0.027530,0.000000
983
0.433798,0.027810,0.000000
984
0.406075,0.027730,0.000000
985
0.378266,0.027800,0.000000
986
0.350283,0.027970,0.000000
987
0.322178,0.028110,0.000000
988
0.294690,0.027480,0.000000
989
0.266775,0.027910,0.000000
990
0.238881,0.027870,0.000000
991
0.211060,0.027820,0.000000
992
0.183308,0.027740,0.000000
993
0.155007,0.028290,0.000000
994
0.127274,0.027730,0.000000
995
0.099726,0.027540,0.000000
996
0.071840,0.027860,0.000000
997
0.043821,0.028010,0.000000
998
0.016169,0.027640,0.000000
999
1.479122,0.028650,0.000000
1000
1.452063,0.027060,0.000000
1001
1.424209,0.027830,0.000000
1002
1.396249,0.027950,0.000000
1003
1.368420,0.027810,0.000000
1004
1.340440,0.027970,0.000000
1005
1.312127,0.028300,0.000000
1006
1.284789,0.027310,0.000000
1007
1.256929,0.027840,0.000000
1008
1.229140,0.027770,0.000000
1009
1.201166,0.027950,0.000000
1010
1.173112,0.028020,0.000000
1011
1.144787,0.028290,0.000000
1012
1.117481,0.027280,0.000000
1013
1.089604,0.027830,0.000000
1014
1.061690,0.027880,0.000000
1015
1.033874,0.027770,0.000000
1016
1.005924,0.027920,0.000000
1017
0.977310,0.028580,0.000000
1018
0.950144,0.027130,0.000000
1019
0.922315,0.027820,0.000000
1020
0.894285,0.028000,0.000000
1021
0.866633,0.027630,0.000000
1022
0.838688,0.027930,0.000000
1023
0.810295,0.028360,0.000000
1024
0.783052,0.027220,0.000000
1025
0.755162,0.027880,0.000000
1026
0.727351,0.027800,0.000000
1027
NaN
1028
NaN
1029
NaN
1030
0.615848,0.027450,0.000000
1031
0.588149,0.027700,0.000000
1032
0.560191,0.027970,0.000000
1033
0.532295,0.027890,0.000000
1034
0.504561,0.027740,0.000000
1035
0.476529,0.028050,0.000000
1036
0.448749,0.027780,0.000000
1037
0.420913,0.027840,0.000000
1038
0.393129,0.027800,0.000000
1039
0.365252,0.027880,0.000000
1040
0.337494,0.027750,0.000000
1041
0.309568,0.027920,0.000000
1042
0.281611,0.027960,0.000000
1043
0.253641,0.027970,0.000000
1044
0.226084,0.027560,0.000000
1045
0.198005,0.028070,0.000000
1046
0.170354,0.027650,0.000000
1047
0.142441,0.027910,0.000000
1048
0.114617,0.027820,0.000000
1049
0.086759,0.027840,0.000000
1050
0.058419,0.028340,0.000000
1051
0.031073,0.027340,0.000000
1052
0.003227,0.027850,0.000000
1053
1.466823,0.027850,0.000000
1054
1.439046,0.027770,0.000000
1055
1.411145,0.027890,0.000000
1056
1.383406,0.027740,0.000000
1057
1.355609,0.027790,0.000000
1058
1.327652,0.027950,0.000000
1059
1.299764,0.027880,0.000000
1060
1.271815,0.027940,0.000000
1061
1.244118,0.027690,0.000000
1062
1.216116,0.028000,0.000000
1063
1.188371,0.027740,0.000000
1064
1.160669,0.027710,0.000000
1065
1.132657,0.028000,0.000000
1066
1.104769,0.027900,0.000000
1067
1.077140,0.027630,0.000000
1068
1.049251,0.027880,0.000000
1069
1.021422,0.027830,0.000000
1070
0.993526,0.027890,0.000000
1071
NaN
1072
NaN
1073
NaN
1074
NaN
1075
0.854314,0.027870,0.000000
1076
0.826370,0.027960,0.000000
1077
0.798620,0.027740,0.000000
1078
0.769951,0.028670,0.000000
1079
0.742927,0.027040,0.000000
1080
NaN
1081
NaN
1082
NaN
1083
0.631498,0.027970,0.000000
1084
0.603189,0.028320,0.000000
1085
0.575960,0.027220,0.000000
1086
0.548286,0.027680,0.000000
1087
NaN
1088
NaN
1089
NaN
1090
NaN
1091
0.408815,0.027270,0.000000
1092
0.380928,0.027880,0.000000
1093
0.353043,0.027890,0.000000
1094
0.325258,0.027790,0.000000
1095
0.297347,0.027910,0.000000
1096
0.268992,0.028350,0.000000
1097
0.241724,0.027260,0.000000
1098
0.213846,0.027880,0.000000
1099
0.185795,0.028050,0.000000
1100
0.158122,0.027680,0.000000
1101
0.130207,0.027910,0.000000
1102
0.101657,0.028540,0.000000
1103
0.074720,0.026950,0.000000
1104
NaN
1105
NaN
1106
NaN
1107
1.407701,0.027660,0.000000
1108
1.379415,0.028290,0.000000
1109
1.351986,0.027440,0.000000
1110
1.324223,0.027750,0.000000
1111
1.296142,0.028090,0.000000
1112
1.268457,0.027680,0.000000
1113
1.240646,0.027820,0.000000
1114
1.212494,0.028150,0.000000
1115
1.184918,0.027580,0.000000
1116
1.156966,0.027950,0.000000
1117
NaN
1118
NaN
1119
NaN
1120
NaN
1121
1.017830,0.027770,0.000000
1122
0.989763,0.028080,0.000000
1123
0.962152,0.027600,0.000000
1124
0.934291,0.027860,0.000000
1125
0.906427,0.027860,0.000000
1126
0.878557,0.027880,0.000000
1127
0.850797,0.027760,0.000000
1128
0.822849,0.027940,0.000000
1129
0.794965,0.027890,0.000000
1130
0.767260,0.027710,0.000000
1131
0.739269,0.027980,0.000000
1132
0.711433,0.027840,0.000000
1133
0.683702,0.027740,0.000000
1134
0.655746,0.027950,0.000000
1135
0.627908,0.027830,0.000000
1136
0.600171,0.027740,0.000000
1137
0.572565,0.027610,0.000000
1138
0.544715,0.027840,0.000000
1139
0.516686,0.028030,0.000000
1140
0.489039,0.027650,0.000000
1141
0.461158,0.027880,0.000000
1142
0.433362,0.027800,0.000000
1143
NaN
1144
NaN
1145
NaN
1146
0.321921,0.027360,0.000000
1147
0.294086,0.027840,0.000000
1148
0.266242,0.027850,0.000000
1149
NaN
1150
NaN
1151
NaN
1152
0.154735,0.027680,0.000000
1153
0.127016,0.027720,0.000000
1154
0.098977,0.028030,0.000000
1155
0.071226,0.027760,0.000000
1156
0.043473,0.027750,0.000000
1157
0.015176,0.028290,0.000000
1158
1.432175,0.027450,0.000000
1159
1.404384,0.027790,0.000000
1160
1.376515,0.027860,0.000000
1161
1.348607,0.027910,0.000000
1162
1.320405,0.028200,0.000000
1163
1.292377,0.028030,0.000000
1164
1.265096,0.027280,0.000000
1165
1.237201,0.027900,0.000000
1166
1.209451,0.027750,0.000000
1167
1.181535,0.027910,0.000000
1168
1.153634,0.027910,0.000000
1169
1.125338,0.028290,0.000000
1170
1.098059,0.027280,0.000000
1171
1.070084,0.027990,0.000000
1172
1.042256,0.027810,0.000000
1173
1.014447,0.027820,0.000000
1174
0.986207,0.028240,0.000000
1175
0.957076,0.029130,0.000000
1176
NaN
1177
NaN
1178
NaN
1179
0.847243,0.027650,0.000000
1180
0.819255,0.027980,0.000000
1181
0.790828,0.028430,0.000000
1182
0.763809,0.027020,0.000000
1183
0.735965,0.027830,0.000000
1184
0.708108,0.027860,0.000000
1185
0.680057,0.028070,0.000000
1186
NaN
1187
NaN
1188
NaN
1189
NaN
1190
0.541044,0.027860,0.000000
1191
0.513091,0.027960,0.000000
1192
0.485296,0.027780,0.000000
1193
0.457028,0.028280,0.000000
1194
0.429570,0.027460,0.000000
1195
0.401639,0.027930,0.000000
1196
0.373995,0.027650,0.000000
1197
0.346088,0.027900,0.000000
1198
0.318252,0.027840,0.000000
1199
0.290243,0.028000,0.000000
1200
0.262479,0.027770,0.000000
1201
0.234512,0.027970,0.000000
1202
0.206909,0.027600,0.000000
1203
0.178913,0.028000,0.000000
1204
0.151123,0.027790,0.000000
1205
0.123233,0.027890,0.000000
1206
0.095469,0.027760,0.000000
1207
0.067606,0.027860,0.000000
1208
0.039673,0.027940,0.000000
1209
0.011947,0.027720,0.000000
1210
1.440115,0.027940,0.000000
1211
1.411957,0.028170,0.000000
1212
1.384465,0.027480,0.000000
1213
1.356566,0.027910,0.000000
1214
1.328716,0.027840,0.000000
1215
1.300966,0.027750,0.000000
1216
1.273110,0.027860,0.000000
1217
1.245130,0.027980,0.000000
1218
1.216962,0.028170,0.000000
1219
1.189644,0.027310,0.000000
1220
1.161750,0.027900,0.000000
1221
1.133896,0.027860,0.000000
1222
1.106053,0.027830,0.000000
1223
1.078047,0.028020,0.000000
1224
1.050029,0.028010,0.000000
1225
1.022508,0.027530,0.000000
1226
0.994593,0.027910,0.000000
1227
0.966786,0.027800,0.000000
1228
0.939139,0.027650,0.000000
1229
0.911329,0.027810,0.000000
1230
0.883405,0.027930,0.000000
1231
0.855546,0.027860,0.000000
1232
0.827801,0.027740,0.000000
1233
0.799761,0.028050,0.000000
1234
0.771863,0.027890,0.000000
1235
0.744265,0.027600,0.000000
1236
0.716175,0.028090,0.000000
1237
0.688506,0.027670,0.000000
1238
0.660733,0.027770,0.000000
1239
0.632795,0.027940,0.000000
1240
0.605007,0.027780,0.000000
1241
0.577092,0.027930,0.000000
1242
0.549155,0.027940,0.000000
1243
0.521428,0.027720,0.000000
1244
0.493627,0.027800,0.000000
1245
0.465794,0.027840,0.000000
1246
0.437829,0.027960,0.000000
1247
0.409697,0.028130,0.000000
1248
0.381735,0.027970,0.000000
1249
0.354357,0.027370,0.000000
1250
0.326503,0.027850,0.000000
1251
0.298299,0.028210,0.000000
1252
0.270795,0.027500,0.000000
1253
0.242948,0.027840,0.000000
1254
0.214761,0.028200,0.000000
1255
0.187303,0.027450,0.000000
1256
0.159391,0.027910,0.000000
1257
0.131182,0.028220,0.000000
1258
0.103740,0.027450,0.000000
1259
0.075813,0.027920,0.000000
1260
0.047321,0.028490,0.000000
1261
0.020195,0.027130,0.000000
1262
1.436728,0.027910,0.000000
1263
1.408879,0.027840,0.000000
1264
1.380935,0.027940,0.000000
1265
1.353168,0.027770,0.000000
1266
1.324654,0.028520,0.000000
1267
1.297583,0.027070,0.000000
1268
1.269806,0.027790,0.000000
1269
1.241834,0.027970,0.000000
1270
1.213927,0.027900,0.000000
1271
1.186299,0.027620,0.000000
1272
1.157809,0.028490,0.000000
1273
1.130533,0.027280,0.000000
1274
1.102684,0.027850,0.000000
1275
1.074870,0.027820,0.000000
1276
1.046975,0.027890,0.000000
1277
1.019108,0.027860,0.000000
1278
0.990904,0.028220,0.000000
1279
0.963479,0.027420,0.000000
1280
0.935490,0.027980,0.000000
1281
0.907727,0.027770,0.000000
1282
0.879880,0.027850,0.000000
1283
0.852050,0.027820,0.000000
1284
0.824037,0.028010,0.000000
1285
0.796361,0.027680,0.000000
1286
0.768564,0.027800,0.000000
1287
0.740434,0.028130,0.000000
1288
0.712902,0.027540,0.000000
1289
0.685031,0.027860,0.000000
1290
0.656787,0.028240,0.000000
1291
0.629227,0.027560,0.000000
1292
0.601349,0.027880,0.000000
1293
0.573380,0.027970,0.000000
1294
0.545773,0.027600,0.000000
1295
0.517950,0.027830,0.000000
1296
0.490026,0.027930,0.000000
1297
0.461960,0.028060,0.000000
1298
0.434352,0.027600,0.000000
1299
0.406072,0.028290,0.000000
1300
0.378589,0.027480,0.000000
1301
0.350807,0.027790,0.000000
1302
0.322825,0.027980,0.000000
1303
0.294886,0.027940,0.000000
1304
0.267142,0.027740,0.000000
1305
0.239243,0.027900,0.000000
1306
0.211529,0.027720,0.000000
1307
0.183656,0.027860,0.000000
1308
0.155920,0.027740,0.000000
1309
0.127919,0.028000,0.000000
1310
0.100075,0.027850,0.000000
1311
0.072307,0.027770,0.000000
1312
0.043975,0.028320,0.000000
1313
0.016434,0.027540,0.000000
1314
1.433267,0.027620,0.000000
1315
1.405302,0.027960,0.000000
1316
1.377537,0.027770,0.000000
1317
1.349694,0.027840,0.000000
1318
1.321823,0.027870,0.000000
1319
1.294069,0.027750,0.000000
1320
1.266129,0.027940,0.000000
1321
1.237791,0.028340,0.000000
1322
1.210396,0.027400,0.000000
1323
1.182703,0.027700,0.000000
1324
1.154830,0.027870,0.000000
1325
1.127007,0.027820,0.000000
1326
1.098687,0.028320,0.000000
1327
1.070908,0.027770,0.000000
1328
1.043512,0.027410,0.000000
1329
1.015487,0.028030,0.000000
1330
0.987700,0.027780,0.000000
1331
0.959885,0.027810,0.000000
1332
0.932019,0.027870,0.000000
1333
0.903855,0.028160,0.000000
1334
0.876430,0.027430,0.000000
1335
0.848448,0.027990,0.000000
1336
0.820387,0.028060,0.000000
1337
0.792858,0.027520,0.000000
1338
0.764990,0.027870,0.000000
1339
0.736441,0.028550,0.000000
1340
0.709331,0.027110,0.000000
1341
0.681460,0.027860,0.000000
1342
0.653533,0.027930,0.000000
1343
0.625556,0.027980,0.000000
1344
0.597776,0.027790,0.000000
1345
0.569164,0.028610,0.000000
1346
0.542198,0.026960,0.000000
1347
0.514498,0.027690,0.000000
1348
0.486532,0.027970,0.000000
1349
0.458667,0.027870,0.000000
1350
0.430886,0.027780,0.000000
1351
0.402281,0.028610,0.000000
1352
0.375100,0.027180,0.000000
1353
0.347240,0.027860,0.000000
1354
0.319515,0.027730,0.000000
1355
0.291616,0.027890,0.000000
1356
0.263737,0.027880,0.000000
1357
0.235511,0.028230,0.000000
1358
0.208110,0.027400,0.000000
1359
0.180086,0.028020,0.000000
1360
0.152292,0.027800,0.000000
1361
0.124505,0.027780,0.000000
1362
0.096778,0.027730,0.000000
1363
0.068615,0.028170,0.000000
1364
0.041115,0.027490,0.000000
1365
0.013154,0.027960,0.000000
1366
1.429737,0.027860,0.000000
1367
1.402020,0.027730,0.000000
1368
1.374124,0.027890,0.000000
1369
1.345998,0.028120,0.000000
1370
1.318329,0.027680,0.000000
1371
1.290541,0.027790,0.000000
1372
1.262690,0.027840,0.000000
1373
1.234857,0.027840,0.000000
1374
1.207079,0.027780,0.000000
1375
1.179136,0.027940,0.000000
1376
1.151180,0.027950,0.000000
1377
1.123520,0.027670,0.000000
1378
1.095584,0.027940,0.000000
1379
NaN
1380
NaN
1381
NaN
1382
NaN
1383
0.956372,0.027540,0.000000
1384
0.928439,0.027940,0.000000
1385
0.900678,0.027760,0.000000
1386
0.872766,0.027910,0.000000
1387
0.844976,0.027800,0.000000
1388
0.817120,0.027850,0.000000
1389
0.789099,0.028010,0.000000
1390
0.761337,0.027770,0.000000
1391
0.733482,0.027850,0.000000
1392
0.705497,0.027980,0.000000
1393
0.677864,0.027640,0.000000
1394
0.649967,0.027910,0.000000
1395
0.622138,0.027810,0.000000
1396
0.594399,0.027740,0.000000
1397
0.566440,0.027970,0.000000
1398
0.538601,0.027830,0.000000
1399
0.510730,0.027880,0.000000
1400
0.483098,0.027620,0.000000
1401
NaN
1402
NaN
1403
NaN
1404
0.371486,0.027990,0.000000
1405
0.343394,0.028090,0.000000
1406
0.315799,0.027600,0.000000
1407
0.288056,0.027740,0.000000
1408
0.260272,0.027790,0.000000
1409
0.232336,0.027920,0.000000
1410
0.204626,0.027710,0.000000
1411
0.176762,0.027870,0.000000
1412
0.148522,0.028240,0.000000
1413
0.121103,0.027420,0.000000
1414
NaN
1415
NaN
1416
0.037350,0.027900,0.000000
1417
0.009616,0.027720,0.000000
1418
1.425556,0.028500,0.000000
1419
1.398440,0.027120,0.000000
1420
1.370507,0.027940,0.000000
1421
1.342699,0.027800,0.000000
1422
1.314875,0.027830,0.000000
1423
1.286974,0.027890,0.000000
1424
1.258369,0.028610,0.000000
1425
1.231229,0.027150,0.000000
1426
1.203541,0.027680,0.000000
1427
1.175184,0.028370,0.000000
1428
1.147766,0.027420,0.000000
1429
1.119986,0.027770,0.000000
1430
1.091395,0.028590,0.000000
1431
1.064519,0.026870,0.000000
1432
1.036627,0.027890,0.000000
1433
1.008886,0.027750,0.000000
1434
0.980937,0.027950,0.000000
1435
0.953106,0.027830,0.000000
1436
0.924552,0.028550,0.000000
1437
0.897333,0.027220,0.000000
1438
0.869371,0.027970,0.000000
1439
0.841764,0.027600,0.000000
1440
0.813743,0.028020,0.000000
1441
0.785993,0.027760,0.000000
1442
0.757590,0.028390,0.000000
1443
0.730290,0.027300,0.000000
1444
0.702439,0.027860,0.000000
1445
0.674588,0.027850,0.000000
1446
0.646768,0.027820,0.000000
1447
NaN
1448
NaN
1449
NaN
1450
0.535139,0.027880,0.000000
1451
0.507430,0.027710,0.000000
1452
0.479595,0.027830,0.000000
1453
0.451682,0.027910,0.000000
1454
0.423935,0.027760,0.000000
1455
0.395907,0.028030,0.000000
1456
0.368246,0.027650,0.000000
1457
0.340383,0.027860,0.000000
1458
0.312455,0.027940,0.000000
1459
0.284746,0.027710,0.000000
1460
0.256846,0.027890,0.000000
1461
0.228688,0.028170,0.000000
1462
0.201114,0.027570,0.000000
1463
0.173220,0.027890,0.000000
1464
0.145473,0.027740,0.000000
1465
0.117551,0.027930,0.000000
1466
0.089727,0.027830,0.000000
1467
0.061869,0.027850,0.000000
1468
0.033786,0.028090,0.000000
1469
0.006163,0.027620,0.000000
1470
1.449185,0.027860,0.000000
1471
1.421242,0.027940,0.000000
1472
1.393506,0.027740,0.000000
1473
1.365480,0.028010,0.000000
1474
1.337811,0.027680,0.000000
1475
1.310016,0.027790,0.000000
1476
1.282076,0.027940,0.000000
1477
1.254210,0.027880,0.000000
1478
1.226340,0.027860,0.000000
1479
1.198474,0.027860,0.000000
1480
1.170554,0.027920,0.000000
1481
1.142608,0.027940,0.000000
1482
1.114997,0.027620,0.000000
1483
1.087202,0.027800,0.000000
1484
1.059130,0.028060,0.000000
1485
1.031331,0.027810,0.000000
1486
NaN
1487
NaN
1488
NaN
1489
NaN
1490
NaN
1491
NaN
1492
NaN
1493
NaN
1494
NaN
1495
NaN
1496
NaN
1497
NaN
1498
0.669673,0.027220,0.000000
1499
0.641728,0.027940,0.000000
1500
0.613819,0.027910,0.000000
1501
0.585891,0.027920,0.000000
1502
0.558251,0.027650,0.000000
1503
0.529647,0.028590,0.000000
1504
0.502516,0.027150,0.000000
1505
0.474699,0.027820,0.000000
1506
0.446771,0.027920,0.000000
1507
0.418655,0.028110,0.000000
1508
0.391101,0.027550,0.000000
1509
0.362566,0.028540,0.000000
1510
0.335360,0.027200,0.000000
1511
0.307560,0.027810,0.000000
1512
0.279804,0.027750,0.000000
1513
0.251704,0.028110,0.000000
1514
0.224022,0.027680,0.000000
1515
0.195464,0.028550,0.000000
1516
0.168600,0.026870,0.000000
1517
0.140574,0.028030,0.000000
1518
0.113042,0.027530,0.000000
1519
0.084947,0.028090,0.000000
1520
0.057053,0.027890,0.000000
1521
0.028475,0.028580,0.000000
1522
0.001517,0.026960,0.000000
1523
1.418095,0.027860,0.000000
1524
1.389979,0.028130,0.000000
1525
1.362417,0.027550,0.000000
1526
1.333704,0.028720,0.000000
1527
1.306459,0.027240,0.000000
1528
1.278836,0.027630,0.000000
1529
1.251044,0.027790,0.000000
1530
1.222997,0.028040,0.000000
1531
1.195324,0.027680,0.000000
1532
1.167525,0.027800,0.000000
1533
1.139108,0.028420,0.000000
1534
1.111471,0.027630,0.000000
1535
1.083863,0.027600,0.000000
1536
1.055872,0.028000,0.000000
1537
1.028067,0.027800,0.000000
1538
1.000331,0.027740,0.000000
1539
0.972246,0.028080,0.000000
1540
NaN
1541
NaN
1542
0.888890,0.027850,0.000000
1543
0.861094,0.027800,0.000000
1544
0.833255,0.027830,0.000000
1545
0.805388,0.027880,0.000000
1546
0.777522,0.027860,0.000000
1547
NaN
1548
NaN
1549
0.693942,0.027940,0.000000
1550
0.665993,0.027950,0.000000
1551
0.638235,0.027760,0.000000
1552
0.610425,0.027810,0.000000
1553
0.582544,0.027880,0.000000
1554
0.554757,0.027790,0.000000
1555
0.526936,0.027810,0.000000
1556
0.499087,0.027850,0.000000
1557
0.471070,0.028020,0.000000
1558
0.443410,0.027660,0.000000
1559
0.415530,0.027880,0.000000
1560
0.387813,0.027720,0.000000
1561
0.359956,0.027850,0.000000
1562
0.331970,0.028000,0.000000
1563
0.303925,0.028030,0.000000
1564
0.276433,0.027500,0.000000
1565
0.248626,0.027810,0.000000
1566
0.220784,0.027840,0.000000
1567
NaN
1568
NaN
1569
0.137228,0.027840,0.000000
1570
0.109257,0.027970,0.000000
1571
0.081532,0.027730,0.000000
1572
0.053640,0.027890,0.000000
1573
0.025660,0.027980,0.000000
1574
0.000000,0.027680,0.000000
1575
NaN
1576
NaN
1577
NaN
1578
NaN
1579
NaN
1580
NaN
1581
NaN
1582
NaN
1583
NaN
1584
NaN
1585
NaN
1586
NaN
1587
1.080438,0.027700,0.000000
1588
1.051978,0.028460,0.000000
1589
1.024735,0.027250,0.000000
1590
0.996814,0.027910,0.000000
1591
0.969009,0.027810,0.000000
1592
0.941104,0.027900,0.000000
1593
0.913123,0.027980,0.000000
1594
0.884887,0.028250,0.000000
1595
0.857546,0.027340,0.000000
1596
0.829453,0.028090,0.000000
1597
0.801927,0.027530,0.000000
1598
0.773959,0.027970,0.000000
1599
0.746099,0.027840,0.000000
1600
0.717573,0.028540,0.000000
1601
0.690530,0.027040,0.000000
1602
0.662644,0.027890,0.000000
1603
0.634679,0.027950,0.000000
1604
NaN
1605
NaN
1606
NaN
1607
0.523381,0.027130,0.000000
1608
0.495390,0.028000,0.000000
1609
0.467633,0.027760,0.000000
1610
0.439885,0.027740,0.000000
1611
0.411995,0.027890,0.000000
1612
0.383966,0.028030,0.000000
1613
0.356106,0.027860,0.000000
1614
0.328382,0.027730,0.000000
1615
NaN
1616
NaN
1617
0.244969,0.027740,0.000000
1618
0.216952,0.028020,0.000000
1619
0.189003,0.027950,0.000000
1620
0.161450,0.027560,0.000000
1621
0.133492,0.027950,0.000000
1622
0.105671,0.027820,0.000000
1623
0.077856,0.027820,0.000000
1624
0.050023,0.027830,0.000000
1625
0.022158,0.027860,0.000000
1626
1.444835,0.027990,0.000000
1627
1.417111,0.027720,0.000000
1628
1.389263,0.027850,0.000000
1629
1.361281,0.027980,0.000000
1630
1.333533,0.027760,0.000000
1631
1.305603,0.027920,0.000000
1632
1.277758,0.027850,0.000000
1633
1.249997,0.027760,0.000000
1634
1.222107,0.027890,0.000000
1635
1.194661,0.027450,0.000000
1636
1.166612,0.028050,0.000000
1637
1.139042,0.027570,0.000000
1638
1.111158,0.027880,0.000000
1639
1.083264,0.027890,0.000000
1640
1.055482,0.027790,0.000000
1641
1.027544,0.027930,0.000000
1642
0.999480,0.028060,0.000000
1643
0.971941,0.027550,0.000000
1644
0.943997,0.027940,0.000000
1645
0.916197,0.027800,0.000000
1646
0.888293,0.027910,0.000000
1647
0.860481,0.027810,0.000000
1648
NaN
1649
NaN
1650
NaN
1651
0.749075,0.027940,0.000000
1652
0.721173,0.027910,0.000000
1653
0.693542,0.027610,0.000000
1654
0.665533,0.028020,0.000000
1655
0.637510,0.028010,0.000000
1656
0.609955,0.027560,0.000000
1657
0.582064,0.027890,0.000000
1658
0.554219,0.027850,0.000000
1659
0.526230,0.027990,0.000000
1660
0.498602,0.027630,0.000000
1661
0.470491,0.028110,0.000000
1662
0.442770,0.027720,0.000000
1663
0.414983,0.027790,0.000000
1664
0.386947,0.028030,0.000000
1665
0.359174,0.027770,0.000000
1666
0.331489,0.027690,0.000000
1667
0.302945,0.028540,0.000000
1668
0.275791,0.027160,0.000000
1669
0.247886,0.027910,0.000000
1670
0.220022,0.027860,0.000000
1671
0.192196,0.027820,0.000000
1672
0.164190,0.028010,0.000000
1673
0.135965,0.028230,0.000000
1674
0.108597,0.027360,0.000000
1675
0.080581,0.028010,0.000000
1676
0.052928,0.027670,0.000000
1677
0.024991,0.027920,0.000000
1678
0.000000,0.027900,0.000000
1679
NaN
1680
1.422293,0.027260,0.000000
1681
NaN
1682
NaN
1683
NaN
1684
NaN
1685
NaN
1686
NaN
1687
NaN
1688
NaN
1689
NaN
1690
NaN
1691
NaN
1692
NaN
1693
NaN
1694
NaN
1695
NaN
1696
NaN
1697
NaN
1698
NaN
1699
NaN
1700
NaN
1701
NaN
1702
NaN
1703
NaN
1704
NaN
1705
NaN
1706
0.698380,0.027530,0.000000
1707
0.670461,0.027930,0.000000
1708
0.642552,0.027890,0.000000
1709
0.614772,0.027800,0.000000
1710
0.586982,0.027770,0.000000
1711
0.559036,0.027950,0.000000
1712
0.531236,0.027810,0.000000
1713
0.503428,0.027800,0.000000
1714
0.475503,0.027920,0.000000
1715
0.447570,0.027960,0.000000
1716
0.419865,0.027670,0.000000
1717
0.391913,0.027960,0.000000
1718
0.364089,0.027830,0.000000
1719
0.336285,0.027800,0.000000
1720
0.308501,0.027800,0.000000
1721
0.280451,0.028050,0.000000
1722
NaN
1723
NaN
1724
NaN
1725
0.169377,0.027830,0.000000
1726
0.141579,0.027800,0.000000
1727
0.113684,0.027900,0.000000
1728
0.085765,0.027920,0.000000
1729
0.058036,0.027740,0.000000
1730
0.030157,0.027860,0.000000
1731
0.002233,0.027930,0.000000
1732
1.460495,0.027740,0.000000
1733
1.432607,0.027890,0.000000
1734
1.404764,0.027830,0.000000
1735
1.376932,0.027840,0.000000
1736
1.349138,0.027800,0.000000
1737
1.321160,0.027980,0.000000
1738
1.293345,0.027800,0.000000
1739
1.265689,0.027680,0.000000
1740
1.237535,0.028140,0.000000
1741
1.209860,0.027680,0.000000
1742
1.182141,0.027710,0.000000
1743
1.154061,0.028080,0.000000
1744
1.126218,0.027860,0.000000
1745
NaN
1746
NaN
1747
NaN
1748
NaN
1749
0.987192,0.027840,0.000000
1750
0.959291,0.027920,0.000000
1751
0.931364,0.027920,0.000000
1752
0.903119,0.028230,0.000000
1753
0.875731,0.027410,0.000000
1754
0.847773,0.027950,0.000000
1755
0.820098,0.027680,0.000000
1756
0.792272,0.027830,0.000000
1757
0.764317,0.027960,0.000000
1758
0.735894,0.028410,0.000000
1759
0.708710,0.027190,0.000000
1760
0.680756,0.027950,0.000000
1761
0.652736,0.028020,0.000000
1762
0.625128,0.027620,0.000000
1763
0.597217,0.027890,0.000000
1764
0.568572,0.028660,0.000000
1765
0.541808,0.026760,0.000000
1766
0.513606,0.028200,0.000000
1767
NaN
1768
NaN
1769
NaN
1770
NaN
1771
NaN
1772
0.346781,0.027710,0.000000
1773
0.318895,0.027860,0.000000
1774
0.290938,0.027950,0.000000
1775
0.263199,0.027740,0.000000
1776
0.234796,0.028420,0.000000
1777
0.207282,0.027520,0.000000
1778
0.179701,0.027560,0.000000
1779
0.151763,0.027950,0.000000
1780
0.123980,0.027780,0.000000
1781
0.096159,0.027830,0.000000
1782
0.068001,0.028170,0.000000
1783
0.040241,0.027740,0.000000
1784
0.012545,0.027710,0.000000
1785
NaN
1786
NaN
1787
NaN
1788
NaN
1789
NaN
1790
NaN
1791
NaN
1792
NaN
1793
NaN
1794
NaN
1795
NaN
1796
NaN
1797
NaN
1798
NaN
1799
NaN
1800
NaN
1801
NaN
1802
NaN
1803
NaN
1804
NaN
1805
NaN
1806
NaN
1807
NaN
1808
NaN
1809
NaN
1810
NaN
1811
NaN
1812
NaN
1813
NaN
1814
NaN
1815
NaN
1816
NaN
1817
NaN
1818
NaN
1819
NaN
1820
NaN
1821
NaN
1822
NaN
1823
NaN
1824
NaN
1825
NaN
1826
NaN
1827
NaN
1828
NaN
1829
NaN
1830
NaN
1831
NaN
1832
NaN
1833
NaN
1834
NaN
1835
NaN
1836
NaN
1837
NaN
