SubjectID,Condition,Phase,FileName,TotalValidTime,rateTimeP0,rateTimeP1,rateTimeS0,rateTimeS1,rateTimeOther,rateCntP0,rateCntP1
1,B,pre-test,gazepos_20260312_215621_1_0_9_before.csv,49.076289,0.2413204062760325,0.5230089015084255,0.0004898495890754778,0.010822436064796909,0.22435840656166955,0.6857142857142857,0.9714285714285714
1,B,pre-test,gazepos_20260312_215737_1_0_9_before.csv,49.099855000000005,0.33014087312477786,0.4106990947325614,0.0008527520091455047,0.01790494085980487,0.24040233927371035,0.8857142857142857,0.9428571428571428
1,B,training,gazepos_20260312_215928_1_7_9.csv,49.103023,0.20718665325350744,0.3751502020557883,0.0025481119563656807,0.01278332700616007,0.40233170572817856,0.8285714285714286,0.9714285714285714
1,B,training,gazepos_20260312_220043_1_7_9.csv,49.104489,0.2386122784008607,0.33599347709330596,0.0,0.011089821136311937,0.41430442336952145,0.9428571428571428,0.9428571428571428
1,B,training,gazepos_20260312_220158_1_7_9.csv,49.075682,0.24475896229012142,0.39584279236302855,0.0,0.032360834027736984,0.32703741131911296,0.7714285714285715,0.9714285714285714
1,B,training,gazepos_20260312_220312_1_7_9.csv,49.104490999999996,0.33124980360757644,0.3563829833812961,0.0,0.006776651039922196,0.30559056197120527,0.9428571428571428,0.9714285714285714
1,B,post-test,gazepos_20260312_220457_1_0_9_after.csv,49.076420999999996,0.18340689513605746,0.39463802790346075,0.0,0.006064215644413003,0.41589086131606884,0.8,0.8857142857142857
1,B,post-test,gazepos_20260312_220613_1_0_9_after.csv,49.08984,0.15799978162487396,0.34184694837057944,0.0008453887810593639,0.006922817430246234,0.4923850637932409,0.7428571428571429,0.8
10,B,pre-test,gazepos_20260308_164208_10_0_8_before.csv,48.992948999999996,0.46241637750770975,0.1731216669566066,0.08340596113126394,0.21197564571995867,0.06908034868446108,0.9714285714285714,0.9142857142857143
10,B,pre-test,gazepos_20260308_164315_10_0_8_before.csv,48.978208,0.4901416973034217,0.14923336925679245,0.07161750384987516,0.23248984527976205,0.05651758431014862,1.0,0.7714285714285715
10,B,training,gazepos_20260308_164550_10_7_8.csv,48.994690999999996,0.2670284419183294,0.07073868472810688,0.3332791097713012,0.27947881128590046,0.049474952296362056,0.9142857142857143,0.4
10,B,training,gazepos_20260308_164705_10_7_8.csv,49.004093999999995,0.49284527125427474,0.14480863578459377,0.13849257166146198,0.17124191705288938,0.05261160424678021,1.0,0.7142857142857143
10,B,training,gazepos_20260308_164813_10_7_8.csv,49.009097999999994,0.4648851933573635,0.10813906430189815,0.1509964741648583,0.22238370924516906,0.053595558930710996,0.9714285714285714,0.6571428571428571
10,B,training,gazepos_20260308_164924_10_7_8.csv,48.99066499999999,0.4994777474443348,0.09529007209842945,0.09818570537876908,0.15186405410091908,0.15518242097754772,1.0,0.7142857142857143
10,B,post-test,gazepos_20260308_165145_10_0_8_after.csv,48.992428,0.6567412825508461,0.1756391824467238,0.03520356247704251,0.07209689627956462,0.06031907624582312,1.0,0.9142857142857143
10,B,post-test,gazepos_20260308_165255_10_0_8_after.csv,48.997804,0.6159972802046398,0.2274389276711257,0.028496297507536825,0.08055781438694702,0.04750968022975061,1.0,0.9142857142857143
11,B,pre-test,gazepos_20260308_200517_11_0_10_before.csv,49.087152,0.5522411037413617,0.23972335979076548,0.01578213378523186,0.11053000182206574,0.0817234008605752,1.0,0.7428571428571429
11,B,pre-test,gazepos_20260308_200625_11_0_10_before.csv,49.082721,0.5772325662222355,0.2313903094329267,0.011062528501629,0.08133336780574951,0.09898122803745925,1.0,0.8285714285714286
11,B,training,gazepos_20260308_200833_11_7_10.csv,49.097707,0.5739543396598951,0.23385057473254278,0.007650051763109805,0.03317863703899658,0.15136639680545574,1.0,0.8
11,B,training,gazepos_20260308_200938_11_7_10.csv,48.548519,0.6217697186602129,0.1840483331736649,0.00600801025464876,0.07445623624481679,0.11371770166665661,0.9714285714285714,0.8571428571428571
11,B,training,gazepos_20260308_201046_11_7_10.csv,49.069123,0.538725381336039,0.20078292412114246,0.027195065214432386,0.12348315253158315,0.10981347679680295,1.0,0.7714285714285715
11,B,training,gazepos_20260308_201157_11_7_10.csv,49.06586,0.4847187025764963,0.16078860127999428,0.023836981559071775,0.1983042180448886,0.13235149653954903,0.9714285714285714,0.8571428571428571
11,B,post-test,gazepos_20260308_201404_11_0_10_after.csv,49.09332,0.6152318889820455,0.24700183242852566,0.011008829714511193,0.06712459047381554,0.059632858401102176,1.0,0.8857142857142857
11,B,post-test,gazepos_20260308_201511_11_0_10_after.csv,49.082825,0.5870690002052646,0.2963592254520799,0.0035116968104423486,0.051508689648569056,0.06155138788364402,1.0,0.9428571428571428
12,B,pre-test,gazepos_20260309_155530_12_0_10_before.csv,49.082789000000005,0.3904126760196948,0.07888482050194805,0.0996834552331571,0.29922458155342296,0.13179446669177697,1.0,0.5714285714285714
12,B,pre-test,gazepos_20260309_155636_12_0_10_before.csv,49.093185,0.36123333615449854,0.14958601687790246,0.024193602431783503,0.256025067430439,0.20896197710537653,1.0,0.7142857142857143
12,B,training,gazepos_20260309_155825_12_7_10.csv,49.112149,0.4235096493130443,0.09264520271755988,0.04328601055514757,0.2594573086182813,0.18110182879596692,1.0,0.5714285714285714
12,B,training,gazepos_20260309_155935_12_7_10.csv,49.09387,0.3747548930243229,0.11223723043223109,0.049362394938512445,0.2697303960759253,0.19391508552900819,0.9428571428571428,0.4857142857142857
12,B,training,gazepos_20260309_160041_12_7_10.csv,49.083918999999995,0.42055054731876707,0.11393870159389646,0.05354403343384186,0.26638545304420364,0.14558126460929108,1.0,0.6285714285714286
12,B,training,gazepos_20260309_160146_12_7_10.csv,49.080203000000004,0.44690897060878065,0.075696915923514,0.04680477788569846,0.25877771939940847,0.17181161618259838,0.9714285714285714,0.5142857142857142
12,B,post-test,gazepos_20260309_160341_12_0_10_after.csv,49.079595,0.45617731768161496,0.10061352380760243,0.028371159134463156,0.2563955550162955,0.158442444360024,1.0,0.6571428571428571
12,B,training,gazepos_20260309_160448_12_0_10.csv,49.064878,0.48650034348398874,0.09802853275208404,0.03006168689546108,0.25814304480691874,0.12726639206154747,1.0,0.6
2,B,pre-test,gazepos_20260304_213152_2_0_10_before.csv,49.084139,0.4729008692604346,0.2308886379773311,0.02657477601878701,0.07128270091485123,0.19835301582859605,0.9714285714285714,0.8571428571428571
2,B,pre-test,gazepos_20260304_213300_2_0_10_before.csv,49.076504,0.631740313042673,0.12953489922591088,0.017523253082575168,0.04519303167968079,0.17600850296916004,1.0,0.5142857142857142
2,B,training,gazepos_20260304_213531_2_7_10.csv,48.52548,0.5366757835265105,0.21332065133616426,0.006855367530624941,0.03187047299686659,0.21127772460983363,0.8857142857142857,0.8285714285714286
2,B,training,gazepos_20260304_213639_2_7_10.csv,49.10254,0.43138896684366995,0.2765700104312327,0.07822407965046241,0.16931236143792108,0.0445045816367139,0.9714285714285714,0.8285714285714286
2,B,training,gazepos_20260304_213751_2_7_10.csv,48.526371,0.565018801838695,0.24861933318689772,0.024102173228655235,0.07150986007175367,0.09074983167399839,1.0,0.8285714285714286
2,B,training,gazepos_20260304_213906_2_7_10.csv,48.529447999999995,0.5289665565534567,0.3070910470689876,0.01203269404589148,0.05423428677779299,0.0976754155538714,0.9428571428571428,0.8571428571428571
2,B,post-test,gazepos_20260304_214220_2_0_10_after.csv,49.063293,0.17608212722289204,0.2120233756017965,0.0030389317732913007,0.09259142063701298,0.5162641447650073,0.6,0.5142857142857142
2,B,post-test,gazepos_20260304_214328_2_0_10_after.csv,49.080075,0.21521531904749636,0.2378273668082205,0.0,0.07114638679749391,0.47581092734678926,0.8571428571428571,0.7142857142857143
3,B,pre-test,gazepos_20260304_204302_3_0_8_before.csv,48.978762999999994,0.7062815163380094,0.047994719670645926,0.04439648669771411,0.12643790125936846,0.07488937603426216,0.9714285714285714,0.5428571428571428
3,B,pre-test,gazepos_20260304_204413_3_0_8_before.csv,48.435917,0.6894431460851663,0.02379135301598596,0.0967145517240852,0.1768698216243128,0.01318112755044964,1.0,0.34285714285714286
3,B,training,gazepos_20260304_204638_3_7_8.csv,48.979373,0.49920177622526896,0.04005359562279408,0.09303014148425308,0.1594819313019787,0.20823255536570517,0.9142857142857143,0.2857142857142857
3,B,training,gazepos_20260304_204746_3_7_8.csv,48.979245,0.6165273270341353,0.05537590463062471,0.045185261634800675,0.07844424714999142,0.20446725955044795,1.0,0.5714285714285714
3,B,training,gazepos_20260304_204855_3_7_8.csv,49.020756,0.6711777354066096,0.042559482354780374,0.05535891776128486,0.0945296314891596,0.13637423298816553,1.0,0.4
3,B,training,gazepos_20260304_205006_3_7_8.csv,49.020503999999995,0.5444891998662438,0.16447036121864403,0.029787453837684066,0.093733532401054,0.16751945267637422,0.9142857142857143,0.5428571428571428
3,B,post-test,gazepos_20260304_205222_3_0_8_after.csv,48.996458000000004,0.7015089335641366,0.10906088354386786,0.023504147993718444,0.04719500336126291,0.1187310315370142,0.9714285714285714,0.6285714285714286
3,B,post-test,gazepos_20260304_205333_3_0_8_after.csv,48.97888199999999,0.7206001557977585,0.09455021860237657,0.035036732769849574,0.08458910924099876,0.06522378358901663,1.0,0.5714285714285714
4,B,pre-test,gazepos_20260306_151108_4_0_8_before.csv,48.992794999999994,0.28230871498554055,0.10816923182276073,0.331576836961435,0.2579863630968594,0.019958853133404484,0.9428571428571428,0.6285714285714286
4,B,pre-test,gazepos_20260306_151226_4_0_8_before.csv,48.992557,0.20707306622105873,0.10037769614678409,0.37094699915336093,0.298715496723309,0.0228867417554873,0.9428571428571428,0.6285714285714286
4,B,training,gazepos_20260306_151512_4_7_8.csv,48.992366,0.23035476588332107,0.10219626870031145,0.32695487701083886,0.32052138490310944,0.019972703502419132,0.9428571428571428,0.5714285714285714
4,B,training,gazepos_20260306_151633_4_7_8.csv,48.992312,0.3394421353293151,0.2207577588908235,0.15885380138826646,0.24812513440884354,0.03282116998275146,0.9714285714285714,0.7714285714285715
4,B,training,gazepos_20260306_151746_4_7_8.csv,48.978512,0.33750039200864246,0.14746276897918012,0.1919618954532549,0.2788784191728814,0.04419652438604105,0.8857142857142857,0.6857142857142857
4,B,training,gazepos_20260306_151859_4_7_8.csv,49.016235,0.3819685049249503,0.25314751326779783,0.08044020516875654,0.24208715744895498,0.04235661918954021,1.0,0.9428571428571428
4,B,post-test,gazepos_20260306_152053_4_0_8_after.csv,48.993404999999996,0.33520664669050776,0.14553466941111778,0.2518373034084897,0.2439010719912205,0.02352030849866438,0.9428571428571428,0.8
4,B,post-test,gazepos_20260306_152205_4_0_8_after.csv,48.979006000000005,0.2938824442456018,0.14400684244184117,0.23204158124401236,0.30264656657180916,0.027422565496735447,0.9714285714285714,0.6
5,B,pre-test,gazepos_20260306_183819_5_0_10_before.csv,49.073054000000006,0.20822514938646405,0.6358783376310753,0.002669489451379873,0.0,0.15322702353108067,0.9142857142857143,0.9714285714285714
5,B,pre-test,gazepos_20260306_183928_5_0_10_before.csv,49.065023,0.19302075941144434,0.5512083220668219,0.004641595704540869,0.002553509452140707,0.2485758133650522,0.8,0.9428571428571428
5,B,training,gazepos_20260306_184134_5_7_10.csv,49.099364,0.24889825456802253,0.47273198895203555,0.005982704786155677,0.0016992073461481068,0.27068784434763815,0.9714285714285714,0.9714285714285714
5,B,training,gazepos_20260306_184239_5_7_10.csv,49.097594,0.33688606003789134,0.2985313496217348,0.005944079459372261,0.003416257016586238,0.35522225386441525,1.0,0.9142857142857143
5,B,training,gazepos_20260306_184350_5_7_10.csv,49.064761,0.2893926661540241,0.35074266437372503,0.0033879712570085733,0.0,0.3564766982152423,0.9428571428571428,0.9428571428571428
5,B,post-test,gazepos_20260306_184721_5_0_10_after.csv,49.096985000000004,0.3797795933905108,0.5473931240380645,0.0029262489336157847,0.015423961369522088,0.05447707226828685,0.8857142857142857,0.9428571428571428
5,B,post-test,gazepos_20260306_184828_5_0_10_after.csv,49.064756,0.1971976993017151,0.7486290566695161,0.0003693078591892206,0.0071988333132646095,0.046605102856315,0.8857142857142857,0.9714285714285714
6,B,pre-test,gazepos_20260307_155322_6_0_9_before.csv,49.090782,0.15403940805017147,0.2313537193194438,0.19997481400887,0.28817613864859587,0.12645591997291894,0.8571428571428571,0.8
6,B,pre-test,gazepos_20260307_155431_6_0_9_before.csv,49.07001,0.1365731125793533,0.2582861915047498,0.19940236409163142,0.27755565976041136,0.1281826720638541,0.7714285714285715,0.6571428571428571
6,B,training,gazepos_20260307_155720_6_7_9.csv,49.097412000000006,0.10838622206808023,0.3435028510260378,0.18014485162680224,0.2799529840798935,0.0880130911991862,0.6857142857142857,0.8285714285714286
6,B,training,gazepos_20260307_155827_6_7_9.csv,48.540009,0.1961587192948399,0.27781263905410525,0.16977675055643257,0.2788582507267353,0.07739364036788697,0.7714285714285715,0.8285714285714286
6,B,training,gazepos_20260307_155935_6_7_9.csv,49.092803999999994,0.1101579571621125,0.19987668661174837,0.32615460302491617,0.3223183177721936,0.0414924354290294,0.7142857142857143,0.6857142857142857
6,B,training,gazepos_20260307_160043_6_7_9.csv,49.110568,0.1983598112732066,0.21434687947408773,0.21073543682084894,0.32144523353914367,0.05511263889271313,0.9428571428571428,0.8
6,B,post-test,gazepos_20260307_160307_6_0_9_after.csv,49.082274,0.10504965601227044,0.2921015436244861,0.2528767106430319,0.27637977816594206,0.07359231155426951,0.8857142857142857,0.7714285714285715
6,B,post-test,gazepos_20260307_160413_6_0_9_after.csv,49.06981999999999,0.11772317485574615,0.16823348852716347,0.23616907500373976,0.39497522102180127,0.08289904059154943,0.8285714285714286,0.6
7,B,pre-test,gazepos_20260307_175555_7_0_9_before.csv,49.104982,0.46688309548713425,0.05036411580397302,0.12999245168239748,0.29725246615506307,0.055507870871432274,1.0,0.37142857142857144
7,B,pre-test,gazepos_20260307_175704_7_0_9_before.csv,49.080935000000004,0.4543830919276496,0.10050505354064648,0.12224989193869272,0.24868132605868293,0.0741806365343282,0.9714285714285714,0.5142857142857142
7,B,training,gazepos_20260307_175909_7_7_9.csv,49.10535,0.09560412460149452,0.0025655045733305724,0.5069942888096722,0.37507082222201793,0.01976525979348479,0.7714285714285715,0.08571428571428572
7,B,training,gazepos_20260307_180017_7_7_9.csv,49.114628,0.11851314439356087,0.004240080979540344,0.4620307416356691,0.39462685129163516,0.020589181699594478,0.8285714285714286,0.08571428571428572
7,B,training,gazepos_20260307_180123_7_7_9.csv,49.073852,0.1193226282705507,0.011066585928489978,0.48965247317451216,0.3599091426529956,0.02004916997345156,0.8571428571428571,0.14285714285714285
7,B,training,gazepos_20260307_180235_7_7_9.csv,49.063717,0.13874517497318872,0.01874419746877297,0.44198797657340183,0.37035799794785174,0.030164653036784818,0.8,0.2857142857142857
7,B,post-test,gazepos_20260307_180436_7_0_9_after.csv,49.086422,0.197087923825452,0.24210306059789885,0.06818879567143897,0.19076637934620647,0.3018538405590037,0.5428571428571428,0.4857142857142857
7,B,post-test,gazepos_20260307_180543_7_0_9_after.csv,49.062498,0.18723098852406583,0.17644331929450477,0.1915801555803375,0.2979899433575518,0.14675559324354012,0.8285714285714286,0.4857142857142857
8,B,pre-test,gazepos_20260307_205430_8_0_10_before.csv,49.09143400000001,0.08997691939494047,0.085641865747902,0.2975305427011963,0.4297404105164251,0.09711026163953607,0.6,0.3142857142857143
8,B,pre-test,gazepos_20260307_205535_8_0_10_before.csv,49.090711000000006,0.201269380677742,0.20554524052422038,0.08590857443478445,0.20705754292293718,0.30021926144031597,0.8571428571428571,0.6
8,B,training,gazepos_20260307_205748_8_7_10.csv,49.101787,0.4320164966704773,0.25756630812642295,0.11491048177126427,0.1650251344212795,0.030481579010555895,1.0,0.9142857142857143
8,B,training,gazepos_20260307_205855_8_7_10.csv,49.101318000000006,0.44268491937426213,0.24054910297927207,0.0935826203280326,0.1829881022745666,0.04019525504386645,1.0,0.7428571428571429
8,B,training,gazepos_20260307_205959_8_7_10.csv,49.101839999999996,0.42402728696114056,0.15053448098889904,0.12359581636859246,0.2473941506061691,0.05444826507519889,1.0,0.7428571428571429
8,B,training,gazepos_20260307_210105_8_7_10.csv,49.106535,0.4193020949248404,0.18697118418149425,0.12494449058562147,0.21689200836507838,0.05189022194296557,1.0,0.8285714285714286
8,B,post-test,gazepos_20260307_210242_8_0_10_after.csv,49.090457,0.3293408940967887,0.22973057675955239,0.08012864903661408,0.23405618326185135,0.12674369684519346,0.9714285714285714,0.8857142857142857
8,B,post-test,gazepos_20260307_210350_8_0_10_after.csv,49.066776999999995,0.3399332709380929,0.290974542713494,0.04986325064717423,0.14740179490493152,0.17182714079630737,0.9428571428571428,0.9142857142857143
9,B,pre-test,gazepos_20260308_141504_9_0_8_before.csv,48.451108,0.4805319003231049,0.1406666283049709,0.025053255748042146,0.08553686739217613,0.26821134823170595,0.8857142857142857,0.5142857142857142
9,B,pre-test,gazepos_20260308_141618_9_0_8_before.csv,48.988282000000005,0.3843040260117714,0.19122687339800956,0.02036582952633459,0.1286560120642723,0.2754472589996121,0.8571428571428571,0.6571428571428571
9,B,training,gazepos_20260308_141830_9_7_8.csv,49.008243,0.18880805418794605,0.09890450469730197,0.006815894215999362,0.034954854431324754,0.670516692467428,0.7428571428571429,0.4857142857142857
9,B,training,gazepos_20260308_141937_9_7_8.csv,49.008238,0.13286896786617797,0.0588676540462442,0.0008445518894190772,0.0068182414556508045,0.8006005847425081,0.6,0.5142857142857142
9,B,training,gazepos_20260308_142041_9_7_8.csv,48.466372,0.15159529580633746,0.056075375313836336,0.0025677597654720167,0.003421547624814916,0.7863400214895393,0.6571428571428571,0.3142857142857143
9,B,training,gazepos_20260308_142151_9_7_8.csv,48.452024,0.281951812787016,0.15688178475268688,0.004313132512276409,0.010344665890531145,0.5465086040574895,0.6857142857142857,0.5428571428571428
9,B,post-test,gazepos_20260308_142347_9_0_8_after.csv,48.99316100000001,0.3823349548725787,0.03526849390264871,0.26290391836525934,0.2845158327302054,0.03497680012930781,0.9142857142857143,0.3142857142857143
9,B,post-test,gazepos_20260308_142456_9_0_8_after.csv,48.975097999999996,0.5196948865727637,0.04209335119656139,0.11471364488132317,0.1501230278293669,0.17337508951998473,0.9714285714285714,0.4
