PREF,CourseWidth,13
PREF,SlopeAngle,8
PREF,PlayerFSpeed,95
PREF,PlayerHSpeed,8
PREF,CameraHeight,3
PREF,SubjectID,4
PREF,Method,4
PREF,RandomSeed,10
PREF,Blur_OuterAngleDeg,140
PREF,Blur_SigmaPx,1.3
PREF,ThresholdAngleDeg,1.748000
PREF,"SnowPlaneNormal",0,0.9902681,0.1391731
PREF,"SnowPlanePoint",0,-56.21634,400
RESULT,totalFlags,35
RESULT,totalShort,0
RESULT,totalLong,35
RESULT,totalTight,15
RESULT,passedFlags,34
RESULT,shortTurns,0
RESULT,longTurns,34
RESULT,tightTurns,15
RESULT,passRate,97.14286
RESULT,shortRate,0
RESULT,longRate,97.14286
RESULT,tightRate,100
RESULT,totalValidTime,48.52629
RESULT,timeP0,26.978203
RESULT,timeP1,9.408818
RESULT,timeS0,1.701055
RESULT,timeS1,5.430923
RESULT,timeOther,5.563975
RESULT,cntP0,35
RESULT,cntP1,28
RESULT,rateTimeP0,0.549645
RESULT,rateTimeP1,0.191692
RESULT,rateTimeS0,0.034657
RESULT,rateTimeS1,0.110648
RESULT,rateTimeOther,0.113359
RESULT,rateCntP0,1.000000
RESULT,rateCntP1,0.800000
flagId,passedCorrect,turnDir,minDistToFlagDuringApproach
4,1,1,2.21279
5,1,-1,1.369359
6,1,1,0.833056
7,1,-1,2.529474
8,1,1,2.264884
9,0,-1,2.34458
10,1,1,1.09678
11,1,-1,1.575325
12,1,1,2.362379
13,1,-1,1.259024
14,1,1,2.259207
15,1,-1,1.102146
16,1,1,1.472237
17,1,-1,2.655197
18,1,1,1.12793
19,1,-1,1.1428
20,1,1,2.819645
21,1,-1,3.075412
22,1,1,1.999979
23,1,-1,2.494171
24,1,1,1.097507
25,1,-1,2.874791
26,1,1,2.56811
27,1,-1,1.114743
28,1,1,0.8850597
29,1,-1,2.738832
30,1,1,2.40107
31,1,-1,2.004792
32,1,1,1.895003
33,1,-1,1.853432
34,1,1,1.304798
35,1,-1,2.656885
36,1,1,1.75434
37,1,-1,0.8528543
38,1,1,1.395441
pId,lastRiseSecBeforePassP
4,1.402175
5,1.108087
6,0.360254
7,0.253661
8,0.786856
9,1.347520
10,NaN
11,0.376940
12,NaN
13,0.134540
14,NaN
15,0.159972
16,NaN
17,0.307707
18,0.159304
19,0.469801
20,0.696818
21,0.033259
22,NaN
23,1.199432
24,0.273693
25,0.444954
26,NaN
27,0.047237
28,0.385436
29,0.111534
30,0.171144
31,0.565305
32,0.232422
33,0.514904
34,0.380313
35,1.225861
36,1.209148
37,1.029873
38,NaN
P1_EVENTS_FORMAT
pId
riseSecBeforePassP,duration,fallSecBeforePassP
4
1.402175,0.054993,1.346477
5
1.386245,0.083420,1.302834
1.247231,0.055436,1.191653
1.108087,0.361496,0.746807
6
1.362873,0.083573,1.279393
0.360254,0.083680,0.276565
7
1.366621,0.139140,1.227869
0.253661,0.112770,0.142397
8
1.343670,0.027220,1.315692
0.786856,0.055370,0.730905
9
1.347520,0.222580,1.125261
10
NaN
11
1.406565,0.194980,1.211645
1.072877,0.027830,1.045060
1.017170,0.139200,0.878222
0.376940,0.389820,0.000000
12
NaN
13
0.134540,0.139240,0.000000
14
NaN
15
1.357022,0.054650,1.301287
0.159972,0.166660,0.000000
16
NaN
17
0.307707,0.334390,0.000000
18
0.159304,0.167100,0.000000
19
1.026547,0.306440,0.719940
0.469801,0.473440,0.000000
20
0.696818,0.723900,0.000000
21
0.534407,0.083690,0.450863
0.033259,0.055720,0.000000
22
NaN
23
1.394180,0.166610,1.227327
1.199432,0.250400,0.949352
24
1.388118,0.111920,1.276768
0.273693,0.278380,0.000000
25
0.444954,0.472470,0.000000
26
NaN
27
0.047237,0.055840,0.000000
28
0.385436,0.390230,0.000000
29
0.111534,0.083550,0.027822
30
1.340675,0.111510,1.229373
1.062032,0.055940,1.006686
0.338131,0.083580,0.254679
0.171144,0.194890,0.000000
31
0.565305,0.584540,0.000000
32
0.232422,0.250580,0.000000
33
0.514904,0.528960,0.000000
34
0.380313,0.251190,0.130091
35
1.364840,0.111300,1.253898
1.225861,0.445440,0.780480
36
1.376161,0.055600,1.320457
1.292641,0.027830,1.264778
1.209148,0.027370,1.181243
37
1.029873,0.333950,0.696139
38
NaN
